"Population","shapeRisk","v_to_h","aImp","aImp_2000","aImp_2001","aImp_2002","aImp_2003","aImp_2004","aImp_2005","aImp_2006","aImp_2007","aImp_2008","aImp_2009","aImp_2010","aImp_2011","aImp_2012","aImp_2013","aImp_2014","aImp_2015","aImp_2016","aImp_2017","aImp_2018","aImp_2019","aImp_2020"
583,0.224538,30.0759,1.38542e-05,0.0033111538,0.00331088175246793,0.00331088175246793,0.00330720868621908,0.00330720868621908,0.00330720868621908,0.00330149245489809,0.00328058987222617,0.00327437693825475,0.003265817665214,0.00325772600304551,0.00325151801585394,0.00323648640112849,0.00322132308625638,0.00320907747135691,0.00310012801846466,0.00297726053281757,0.0027594626884055,0.00209832740471719,0.00164711725203316,0
956,0.303244,14.0074,0.000113565,0.027142035,0.0271398049846993,0.0271398049846993,0.0271096962979075,0.0271096962979075,0.0271096962979075,0.0270628394739863,0.0268914978013429,0.0268405694296964,0.0267704077572164,0.0267040791626989,0.0266531913405648,0.0265299748916688,0.0264056788764927,0.0263052996950129,0.025412224337525,0.0244050607331659,0.0226197384337436,0.0172003112209083,0.0135016724695144,0
776,0.778227,12.6737,0.000112358,0.026853562,0.0268513556859141,0.0268513556859141,0.0268215670025121,0.0268215670025121,0.0268215670025121,0.0267752081857805,0.0266056875794768,0.0265553004885469,0.0264858845135854,0.0264202608775813,0.0263699139051925,0.0262480070345451,0.0261250320715447,0.0260257197475653,0.0251421362401764,0.0241456770471277,0.0223793296432753,0.0170175015907965,0.0133581729875375,0
904,0.514072,19.3609,0.000124974,0.029868786,0.0298663319522547,0.0298663319522547,0.0298331984778294,0.0298331984778294,0.0298331984778294,0.02978163431006,0.0295930792605559,0.0295370345080516,0.0294598242332617,0.0293868321162253,0.0293308319869304,0.0291952369313733,0.0290584538538353,0.0289479903498837,0.0279651945965557,0.0268568490297775,0.0248921691631988,0.0189282938803486,0.0148580814089296,0
602,0.147091,6.86234,0.000148689,0.035536671,0.0355337512734553,0.0355337512734553,0.0354943304084847,0.0354943304084847,0.0354943304084847,0.0354329814515701,0.0352086462958119,0.0351419665207778,0.0350501048651676,0.0349632618026904,0.0348966351185422,0.0347353096171121,0.0345725706552796,0.0344411456553671,0.0332718551007991,0.0319531904667257,0.0296156939900049,0.0225201168945153,0.0176775430618555,0
670,0.764633,1.57707,0.000149517,0.035734563,0.0357316270144611,0.0357316270144611,0.0356919866276954,0.0356919866276954,0.0356919866276954,0.035630296038674,0.0354047116344242,0.0353376605417155,0.0352452873388432,0.0351579606759939,0.0350909629698167,0.0349287390998779,0.034765093898442,0.0346329370360519,0.0334571350880441,0.032131127245549,0.0297806140219085,0.0226455239978562,0.0177759834687129,0
668,0.381396,3.41528,6.50273e-05,0.0155415247,0.0155402477936119,0.0155402477936119,0.0155230075645923,0.0155230075645923,0.0155230075645923,0.0154961773550544,0.0153980671419651,0.0153689055648809,0.0153287310029573,0.0152907512608336,0.0152616129023934,0.0151910591843703,0.0151198873068759,0.0150624102043544,0.0145510354040729,0.0139743336927205,0.0129520584427647,0.00984889532739284,0.0077310553971457,0
473,0.0798566,2.1934,0.000180093,0.043042227,0.0430386906098661,0.0430386906098661,0.0429909438240572,0.0429909438240572,0.0429909438240572,0.0429166376030346,0.0426449215298485,0.0425641585902551,0.0424528952073295,0.0423477103742168,0.0422670117386196,0.0420716133330278,0.0418745029358007,0.0417153201952534,0.0402990685300743,0.0387018940925289,0.0358707044753946,0.0272764993502138,0.02141114515962,0
802,0.996666,31.0405,9.46794e-05,0.0226283766,0.0226265174311481,0.0226265174311481,0.0226014157501704,0.0226014157501704,0.0226014157501704,0.0225623511089979,0.0224195031649933,0.0223770440651785,0.0223185501185101,0.0222632518176976,0.022220826524104,0.0221181006891055,0.0220144748172325,0.0219307884642628,0.0211862294980167,0.0203465548996584,0.0188581276191061,0.0143399387681844,0.0112563751896283,0
359,0.13728,6.2887,3.11499e-05,0.0074448261,0.00744421442603693,0.00744421442603693,0.00743595587293786,0.00743595587293786,0.00743595587293786,0.00742310345027717,0.00737610590729583,0.00736213669421126,0.00734289195259557,0.00732469859120463,0.00731074050050156,0.00727694329131328,0.00724284996640568,0.00721531682269785,0.00697035395492863,0.00669409766505565,0.00620439915675842,0.00471789701492687,0.00370339230623982,0
445,0.0474443,5.50373,0.000204596,0.048898444,0.0488944264575312,0.0488944264575312,0.0488401833642996,0.0488401833642996,0.0488401833642996,0.0487557672259914,0.0484470821482283,0.0483553308064824,0.0482289292079026,0.0481094331913137,0.0480177549026038,0.0477957710820751,0.0475718423406411,0.0473910015973306,0.0457820582975412,0.0439675763286472,0.0407511821828046,0.0309876711535504,0.0243242916441928,0
458,0.58397,18.0728,0.000184797,0.044166483,0.0441628542399284,0.0441628542399284,0.0441138603158051,0.0441138603158051,0.0441138603158051,0.0440376132283208,0.0437587999752984,0.0436759275207997,0.0435617579563274,0.0434538257124049,0.0433710192415124,0.0431705170612047,0.0429682581723174,0.0428049176043613,0.041351673675002,0.0397127812997566,0.0368076414682386,0.0279889570967303,0.021970400804375,0
376,0.822145,43.0916,9.10671e-05,0.0217650369,0.0217632486639555,0.0217632486639555,0.0217391046865775,0.0217391046865775,0.0217391046865775,0.0217015304773606,0.0215641326062138,0.0215232934470225,0.0214670312179563,0.021413842711376,0.0213730360685982,0.0212742295289666,0.0211745572915375,0.0210940638212099,0.0203779119884456,0.0195702734671183,0.018138634103109,0.0137928275611815,0.010826911081306,0
1040,0.318631,35.5312,3.50718e-05,0.0083821602,0.00838147151377956,0.00838147151377956,0.00837217317501829,0.00837217317501829,0.00837217317501829,0.00835770257970109,0.00830478785355645,0.00828905985932662,0.00826739212591506,0.00824690814580498,0.00823119267431005,0.00819314025805159,0.00815475444389185,0.00812375476461544,0.00784795006842609,0.00753691198011226,0.00698555842381516,0.00531189957361379,0.00416966456669144,0
1874,0.486905,7.4192,0.000210737,0.050366143,0.0503620048699914,0.0503620048699914,0.0503061336567792,0.0503061336567792,0.0503061336567792,0.0502191837470124,0.0499012334096033,0.0498067281284369,0.0496765325543303,0.0495534498349815,0.0494590197995563,0.049230373079255,0.0489997230607621,0.0488134543374097,0.0471562182029411,0.0452872741049195,0.0419743390860901,0.0319177738366622,0.0250543913283851,0
825,0.183082,20.9529,1.17074e-05,0.0027980686,0.00279783870803388,0.00279783870803388,0.00279473480771472,0.00279473480771472,0.00279473480771472,0.00278990434427638,0.00277224075515733,0.00276699055643225,0.00275975759940858,0.00275291979385709,0.00274767377537559,0.00273497140885592,0.00272215774999913,0.00271180967419006,0.00261974266023106,0.00251591430482514,0.00233186567815093,0.00177317768315644,0.00139188553048556,0
1204,0.27724,20.5842,8.01896e-05,0.0191653144,0.0191637397596182,0.0191637397596182,0.0191424796570306,0.0191424796570306,0.0191424796570306,0.0191093934952069,0.0189884070980546,0.0189524459678562,0.0189029039747113,0.0188560685635993,0.0188201360658949,0.0187331314628007,0.0186453645650896,0.018574485628699,0.0179438744748505,0.01723270425015,0.0159720668965485,0.0121453447512891,0.00953369184750028,0
531,0.958733,47.09,3.13542e-05,0.0074936538,0.00749303811430685,0.00749303811430685,0.00748472539659095,0.00748472539659095,0.00748472539659095,0.0074717886799213,0.00742448289845344,0.00741042206676871,0.00739105110642641,0.00737273842190018,0.00735868878554429,0.00732466991369137,0.00729035298401205,0.00726263926119291,0.00701606977786841,0.00673800163113486,0.0062450913820216,0.00474883985455556,0.00372768140662746,0
455,0.670515,62.7675,3.01782e-05,0.0072125898,0.00721199720679128,0.00721199720679128,0.00720399627365396,0.00720399627365396,0.00720399627365396,0.00719154477359974,0.00714601328709097,0.00713247983413257,0.00711383541917694,0.00709620958735314,0.0070826869098211,0.00704994398164715,0.00701691417488287,0.00699023990891593,0.00675291849163648,0.00648527982932794,0.0060108571338106,0.00457072541792642,0.00358786749543872,0
296,0.256294,8.66815,0.000133466,0.031898374,0.0318957531993825,0.0318957531993825,0.0318603683009424,0.0318603683009424,0.0318603683009424,0.0318053003410827,0.0316039329507685,0.0315440799498425,0.0314616232265632,0.0313836712854204,0.0313238659398567,0.0311790571821553,0.0310329796762205,0.0309150101624144,0.0298654333063189,0.0286817755101723,0.0265835953841238,0.0202144739788644,0.015867690026119,0
385,0.0964605,9.70284,0.000156454,0.037392506,0.0373894337962941,0.0373894337962941,0.0373479542516869,0.0373479542516869,0.0373479542516869,0.0372834014622732,0.0370473508300207,0.0369771888306585,0.0368805298749398,0.0367891515988279,0.0367190454629219,0.0365492950442579,0.0363780573499123,0.0362397689295429,0.0350094144014717,0.0336218850169219,0.031162317236058,0.0236961871329721,0.0186007190995941,0
493,0.356946,6.71545,0.000166199,0.039721561,0.0397182974389295,0.0397182974389295,0.0396742342712625,0.0396742342712625,0.0396742342712625,0.0396056607030076,0.0393549072609113,0.0392803751036509,0.0391776955826321,0.039080625657213,0.0390061528429581,0.0388258292345393,0.0386439257129768,0.0384970237662259,0.0371900345412083,0.0357160805599563,0.0331033144714459,0.0251721439228964,0.0197592961102524,0
2912,0.261068,30.064,4.87768e-05,0.0116576552,0.0116566973960083,0.0116566973960083,0.0116437655473409,0.0116437655473409,0.0116437655473409,0.0116236402804978,0.0115500480778104,0.0115281740585428,0.0114980392294474,0.0114695507286852,0.011447694125659,0.0113947719746044,0.0113413861438199,0.0112982727263127,0.0109146918862906,0.010482109508823,0.0097153036378728,0.00738762946647292,0.00579904352318943,0
620,0.761742,26.5226,6.45233e-05,0.0154210687,0.0154198016903909,0.0154198016903909,0.0154026950833335,0.0154026950833335,0.0154026950833335,0.0153760728237737,0.0152787230228097,0.0152497874651797,0.0152099242798503,0.0151722389031706,0.0151433263842264,0.0150733194992085,0.0150026992458205,0.0149456676248071,0.0144382562814021,0.0138660243490889,0.0128516723363886,0.00977256056883749,0.00767113514949338,0
764,0.231393,16.553,0.000174497,0.041704783,0.0417013564955318,0.0417013564955318,0.0416550933377005,0.0416550933377005,0.0416550933377005,0.0415830960215929,0.0413198229370046,0.0412415695308743,0.0411337634166424,0.0410318469744505,0.0409536558742089,0.0407643290509534,0.0405733434324955,0.040419106950915,0.0390468622394673,0.0374993165390327,0.0347561000085674,0.0264289411976826,0.0207458401876709,0
1003,0.259613,7.45123,0.000201203,0.048087517,0.0480835660840615,0.0480835660840615,0.0480302225529686,0.0480302225529686,0.0480302225529686,0.0479472063636197,0.0476436404889147,0.0475534107424225,0.0474291053755578,0.0473115910691895,0.047221433164229,0.0470031307016108,0.0467829155724648,0.046605073874307,0.0450228131324179,0.0432384223545563,0.0400753685738081,0.0304737746539903,0.0239208999769621,0
676,0.204326,12.295,4.36288e-05,0.0104272832,0.010426426484537,0.010426426484537,0.0104148594887698,0.0104148594887698,0.0104148594887698,0.0103968582824167,0.010331033146438,0.010311467754452,0.0102845134148553,0.0102590316468415,0.0102394818329524,0.0101921451904516,0.0101443938058973,0.0101058306637941,0.00976273370472426,0.00937580692744375,0.00868993126560219,0.00660792443265762,0.00518700099359792,0
555,0.174386,13.0117,5.25476e-05,0.0125588764,0.012557844550821,0.012557844550821,0.0125439129765678,0.0125439129765678,0.0125439129765678,0.0125222318808017,0.0124429504677132,0.0124193854282914,0.0123869209585973,0.0123562300903433,0.0123326838135646,0.0122756703968428,0.0122181574545889,0.0121717110575763,0.0117584766397968,0.0112924525107393,0.0104663669908949,0.00795874674337867,0.00624735159828338,0
387,0.316052,28.3915,1.22976e-05,0.0029391264,0.00293888491859145,0.00293888491859145,0.00293562454271252,0.00293562454271252,0.00293562454271252,0.00293055056324831,0.00291199650739043,0.00290648163270933,0.00289888404380879,0.00289170152697755,0.0028861910432768,0.00287284831794819,0.00285938868975087,0.00284851894095355,0.00275181059316821,0.00264274798460953,0.00244942099557791,0.00186256810875042,0.0014620540427165,0
365,0.539669,17.1772,0.000168968,0.040383352,0.0403800340655542,0.0403800340655542,0.0403352367724636,0.0403352367724636,0.0403352367724636,0.040265520717127,0.040010589534604,0.0399348156156998,0.0398304253768445,0.0397317381936592,0.0396560246064593,0.03947269667147,0.0392877625007989,0.0391384130574291,0.0378096484115962,0.0363111372514558,0.0336548405201672,0.025591530721388,0.0200885008041994,0
375,0.471079,19.855,3.12379e-05,0.0074658581,0.00746524469802789,0.00746524469802789,0.00745696281411002,0.00745696281411002,0.00745696281411002,0.007444074082723,0.00739694376937057,0.00738293509257178,0.00736363598361424,0.0073453912250823,0.00733139370208629,0.00729750101411931,0.00726331137389154,0.00723570044769817,0.00699004554777592,0.0067130088202929,0.00622192688961774,0.0047312253061032,0.00371385457170293,0
351,0.133281,6.45279,0.000231421,0.055309619,0.0553050747093214,0.0553050747093214,0.0552437196931982,0.0552437196931982,0.0552437196931982,0.0551482355823484,0.0547990781727167,0.0546952971249045,0.0545523227542182,0.0544171593705009,0.0543134609538577,0.0540623723806179,0.0538090838839152,0.0536045327408935,0.0517846375944558,0.0497322551836392,0.0460941530231619,0.0350505280945169,0.0275134992697352,0
941,0.243011,22.588,0.000128965,0.030822635,0.0308201025831175,0.0308201025831175,0.0307859110030347,0.0307859110030347,0.0307859110030347,0.0307327001520068,0.0305381236644229,0.0304802891427887,0.0304006131854834,0.030325290091291,0.0302675016178923,0.0301275763827241,0.0299864251865177,0.0298724340700685,0.0288582530858003,0.0277145128996851,0.0256870916841258,0.019532762176766,0.0153325689255573,0
385,0.428201,21.4916,9.1415e-05,0.021848185,0.0218463899324289,0.0218463899324289,0.0218221537187797,0.0218221537187797,0.0218221537187797,0.0217844359663141,0.0216465131995752,0.0216055180241774,0.0215490408587676,0.0214956491582628,0.0214546866234996,0.0213555026171963,0.0212554496059048,0.0211746486295919,0.0204557609106225,0.0196450370001529,0.0182079284015381,0.0138455197486843,0.0108682726966993,0
408,0.333491,13.0571,0.000171727,0.041042753,0.0410393808885436,0.0410393808885436,0.0409938521212588,0.0409938521212588,0.0409938521212588,0.0409229977048321,0.0406639038694247,0.0405868926733895,0.0404807978948048,0.0403804992944375,0.0403035494152351,0.0401172280035363,0.0399292741286793,0.0397774860276095,0.0384270246009788,0.036904044948042,0.0342043747810636,0.0260094029413368,0.0204165166043437,0
609,0.207858,19.7689,0.000131265,0.031372335,0.0313697574192449,0.0313697574192449,0.0313349560563979,0.0313349560563979,0.0313349560563979,0.0312807962272955,0.0310827496050128,0.0310238836453934,0.0309427867234713,0.0308661202949119,0.0308073012047659,0.0306648805015181,0.0305212119730799,0.0304051879053041,0.0293729197170362,0.0282087817297497,0.0261452028838582,0.0198811152416019,0.0156060145001612,0
335,0.738016,42.0324,8.45084e-05,0.0201975076,0.0201958481536473,0.0201958481536473,0.0201734430381023,0.0201734430381023,0.0201734430381023,0.0201385749430144,0.02001107253815,0.0199731746364862,0.0199209644424774,0.0198716065998593,0.01983373887276,0.0197420484316039,0.0196495546406569,0.0195748583520101,0.0189102841474512,0.0181608121733164,0.0168322802223764,0.0127994609323383,0.0100471513029781,0
617,0.139493,6.54411,8.852e-05,0.02115628,0.0211545417799989,0.0211545417799989,0.0211310730972639,0.0211310730972639,0.0211310730972639,0.0210945498193745,0.0209609948960936,0.0209212979872032,0.0208666093837784,0.0208149085324009,0.0207752432304565,0.0206792002589752,0.020582315802819,0.0205040736935019,0.0198079522595669,0.0190229029727455,0.0176313058262227,0.0134070492605539,0.0105240879408393,0
990,0.600141,8.41904,5.61187e-05,0.0134123693,0.013411267327036,0.013411267327036,0.0133963889722483,0.0133963889722483,0.0133963889722483,0.013373234443612,0.0132885651183395,0.0132633986144878,0.0132287278809924,0.0131959512817131,0.0131708048156012,0.0131099168049407,0.0130484953213246,0.0129988924580154,0.0125575749036258,0.0120598800842365,0.0111776543410534,0.0084996178867854,0.00667191746413891,0
631,0.455457,31.2937,3.26623e-05,0.0078062897,0.00780564832784522,0.00780564832784522,0.00779698880281023,0.00779698880281023,0.00779698880281023,0.00778351236517575,0.00773423298231675,0.00771958553148923,0.00769940641296641,0.00768032972162039,0.00766569393319183,0.00763025579099328,0.00759450715596943,0.00756563721418059,0.00730878083018133,0.0070191116557468,0.00650563714739985,0.00494696187373462,0.00388320060494887,0
515,0.234079,6.35741,7.92396e-05,0.0189382644,0.0189367084142612,0.0189367084142612,0.0189157001784676,0.0189157001784676,0.0189157001784676,0.0188830059858485,0.0187634529052022,0.0187279178037368,0.0186789627307597,0.0186326821751472,0.0185971753669689,0.0185112015006901,0.01842447437064,0.0183544351315365,0.01773129477934,0.0170285497333842,0.0157828470531807,0.0120014597897264,0.00942074693625087,0
519,0.95651,7.20376,0.000123568,0.029532752,0.0295303255611264,0.0295303255611264,0.029497564849556,0.029497564849556,0.029497564849556,0.0294465807962096,0.0292601470551344,0.029204732825155,0.0291283911922135,0.0290562202613162,0.0290008501525198,0.0288667805874497,0.0287315363660499,0.0286223156140831,0.0276505766472002,0.0265547003449641,0.0246121237950146,0.0187153441372359,0.0146909229402805,0
412,0.914836,10.9076,7.5736e-05,0.018100904,0.0180994168125847,0.0180994168125847,0.0180793374615271,0.0180793374615271,0.0180793374615271,0.0180480888513347,0.0179338218419628,0.0178998579344648,0.0178530674230665,0.0178088331745358,0.0177748963093296,0.0176927238004264,0.0176098313335099,0.0175428888980011,0.0169473008622973,0.0162756278755519,0.0150850042708405,0.0114708120514834,0.00900420610356306,0
468,0.269063,22.0544,6.86826e-05,0.0164151414,0.0164137927164365,0.0164137927164365,0.0163955833835307,0.0163955833835307,0.0163955833835307,0.0163672450002731,0.0162636198378947,0.0162328190367813,0.0161903861913952,0.0161502715405273,0.0161194952632191,0.0160449755954258,0.0159698030203196,0.0159090950278051,0.0153689749419671,0.0147598558033879,0.013680116646409,0.0104025192221296,0.00816563174881933,0
727,0.649089,23.1372,0.000161004,0.038479956,0.0384767944503722,0.0384767944503722,0.0384341085963835,0.0384341085963835,0.0384341085963835,0.0383676784807793,0.0381247630168398,0.0380525605640721,0.037953090569655,0.0378590548277301,0.0377869098630414,0.0376122227575242,0.0374360051233288,0.0372936949949003,0.0360275592589167,0.0345996777024844,0.0320685806963981,0.0243853203699301,0.0191416657797886,0
363,0.0780412,6.83503,0.000130136,0.031102504,0.0310999485888154,0.0310999485888154,0.0310654465497688,0.0310654465497688,0.0310654465497688,0.0310117525451212,0.0308154093063493,0.0307570496482453,0.0306766502346068,0.0306006432080041,0.0305423300162527,0.0304011342623361,0.0302587014156761,0.0301436752618341,0.0291202855315295,0.0279661602040354,0.0259203300384243,0.0197101193241238,0.0154717883898448,0
937,0.100565,7.09667,0.000210173,0.050231347,0.0502272199449584,0.0502272199449584,0.0501714982610849,0.0501714982610849,0.0501714982610849,0.0500847810572459,0.0497676816572152,0.0496734293025808,0.0495435821737106,0.049420828863311,0.049326651553036,0.0490986167649073,0.0488685840400573,0.0486828138317258,0.047030012994238,0.045166070791808,0.0418620022527644,0.0318323516068503,0.024987337717917,0
298,0.160634,5.51219,7.94461e-05,0.0189876179,0.0189860578593309,0.0189860578593309,0.01896499487565,0.01896499487565,0.01896499487565,0.0189322154813038,0.0188123508429117,0.0187767231362533,0.018727640485366,0.0186812393216897,0.0186456399820512,0.0185594420661384,0.0184724889234335,0.0184022671606566,0.0177775028921009,0.0170729264783443,0.0158239774717654,0.0120327358366345,0.00944529759327508,0
387,0.107254,2.6584,8.12636e-05,0.0194220004,0.0194204046700533,0.0194204046700533,0.0193988598254272,0.0193988598254272,0.0193988598254272,0.0193653305321026,0.0192427237329213,0.019206280966029,0.0191560754441891,0.0191086127543336,0.0190721990034176,0.0189840291252288,0.0188950867428147,0.0188232585065438,0.0181842014148276,0.017463506303841,0.0161859849089452,0.012308010486782,0.00966137904190223,0
1080,0.71183,6.12844,3.3634e-05,0.008038526,0.00803786554709087,0.00803786554709087,0.00802894840209414,0.00802894840209414,0.00802894840209414,0.00801507104185318,0.00796432560252161,0.00794924239156792,0.00792846294638504,0.00790881872547188,0.00789374752387229,0.00785725510065942,0.00782044294749224,0.00779071412796251,0.00752621629347348,0.0072279294914745,0.00669917917034766,0.00509413347073507,0.00399872541574997,0
2519,0.159356,11.1953,5.5684e-05,0.013308476,0.0133073825630079,0.0133073825630079,0.0132926194571627,0.0132926194571627,0.0132926194571627,0.0132696442853824,0.013185630815568,0.0131606592534955,0.0131262570823127,0.0130937343732288,0.0130687826936821,0.0130083663264886,0.0129474206186644,0.0128982019831559,0.0124603029103222,0.0119664632753543,0.011091071324304,0.00843377915753142,0.00662023625053879,0
1833,0.240805,9.36475,8.62705e-05,0.0206186495,0.02061695545223,0.02061695545223,0.0205940831635506,0.0205940831635506,0.0205940831635506,0.020558488027478,0.020428327046808,0.0203896389291122,0.0203363400908637,0.020285953078903,0.0202472957649469,0.020153693469746,0.0200592710739618,0.0199830172794312,0.0193045859174081,0.0185394865669933,0.0171832531550062,0.0130663448173589,0.0102566462799387,0
369,0.491825,12.4936,2.33338e-05,0.0055767782,0.00557632000662154,0.00557632000662154,0.00557013368094143,0.00557013368094143,0.00557013368094143,0.00556050617459695,0.0055253012054504,0.00551483713255537,0.00550042126117498,0.00548679295880406,0.00547633721747432,0.00545102036831084,0.0054254817044715,0.00540485714809573,0.00522136010431859,0.00501442175085235,0.00464759787491997,0.00353408728011649,0.00277414102116985,0
1058,0.0962358,6.59942,4.09972e-05,0.0097983308,0.00979752575986186,0.00979752575986186,0.00978665646162614,0.00978665646162614,0.00978665646162614,0.0097697410512298,0.00970788635284828,0.00968950110529786,0.00966417259634706,0.0096402278364725,0.00962185722737995,0.00957737583435673,0.00953250471567251,0.00949626762344368,0.00917386557135015,0.00881027742605336,0.00816577238159533,0.00620934794334364,0.00487413170049905,0
340,0.458635,32.3511,6.10391e-05,0.0145883449,0.014587146307767,0.014587146307767,0.0145709634420605,0.0145709634420605,0.0145709634420605,0.0145457787605037,0.0144536857609823,0.0144263126973644,0.0143886020880862,0.014352951687755,0.0143256004187546,0.0142593738423815,0.014192567018977,0.0141386150540559,0.0136586034655098,0.0131172715413885,0.0121576936224287,0.00924485111296739,0.00725690077078267,0
328,0.505763,35.4682,0.000129037,0.030839843,0.0308373091692919,0.0308373091692919,0.0308030985003574,0.0308030985003574,0.0308030985003574,0.0307498579421897,0.0305551728243022,0.0304973060141746,0.0304175855744986,0.0303422204281,0.0302843996919162,0.0301443963377472,0.0300031663380971,0.0298891115814324,0.028874364389039,0.0277299856630611,0.0257014325564652,0.0195436671422739,0.0153411289609362,0
361,0.158533,7.48191,6.22508e-05,0.0148779412,0.0148767188142607,0.0148767188142607,0.0148602146990867,0.0148602146990867,0.0148602146990867,0.0148345300711243,0.0147406089141182,0.0147126924620627,0.0146742332515558,0.0146378751476365,0.014609980922848,0.0145424396687914,0.0144743066490976,0.0144192836723842,0.0139297432729309,0.013377665255036,0.0123990385531747,0.0094283725949942,0.00740095903284678,0
605,0.157387,4.23825,0.000126218,0.030166102,0.0301636235244906,0.0301636235244906,0.0301301602371266,0.0301301602371266,0.0301301602371266,0.0300780827959988,0.0298876508562488,0.02983104823033,0.0297530693990256,0.0296793507133142,0.0296227931547872,0.0294858483764949,0.0293477037505672,0.0292361406851154,0.0282435621136242,0.027124183996995,0.0251399475686193,0.0191167074510685,0.0150059797979762,0
787,0.828862,23.2732,0.000210599,0.050333161,0.0503290255798237,0.0503290255798237,0.0502731909535774,0.0502731909535774,0.0502731909535774,0.050186297982495,0.0498685558531679,0.0497741124582807,0.049644002142051,0.0495210000227643,0.0494266318243439,0.0491981348321274,0.0489676358535684,0.0487814891072955,0.0471253382050669,0.0452576179751157,0.0419468524141062,0.0318968726527721,0.0250379845939088,0
1030,0.235331,26.6885,4.32254e-05,0.0103308706,0.0103300218058875,0.0103300218058875,0.0103185617607147,0.0103185617607147,0.0103185617607147,0.0103007269968639,0.0102355104923363,0.0102161260056038,0.0101894208908447,0.0101641747319978,0.0101448056793242,0.0100979067202249,0.0100505968538542,0.0100123902737358,0.00967246565296749,0.00928911647264025,0.00860958254474478,0.00654682633424248,0.00513904101760002,0
341,0.631257,18.7264,3.08453e-05,0.0073720267,0.00737142100730458,0.00737142100730458,0.00736324321065333,0.00736324321065333,0.00736324321065333,0.00735051646569763,0.00730397848925076,0.00729014587443152,0.00727108931795596,0.00725307386075988,0.0072392522595617,0.00720578553714604,0.00717202559458532,0.00714476168434448,0.00690219419150495,0.0066286392799958,0.00614372929961125,0.00467176295251426,0.00366717860101185,0
358,0.934752,6.06239,9.65578e-05,0.0230773142,0.0230754181460097,0.0230754181460097,0.0230498184580997,0.0230498184580997,0.0230498184580997,0.0230099787906598,0.0228642968027342,0.0228209953320014,0.0227613408897086,0.0227049454935592,0.022661678499749,0.0225569146268196,0.0224512328606579,0.0223658862051787,0.021606555498066,0.0207502221041772,0.0192322650441397,0.0146244372016573,0.0114796970015134,0
699,0.319756,13.9249,4.81139e-05,0.0114992221,0.0114982773130218,0.0114982773130218,0.0114855212143521,0.0114855212143521,0.0114855212143521,0.011465669459494,0.0113930774099769,0.0113715006690747,0.0113417753866943,0.011313674058259,0.0112921144969031,0.0112399115831485,0.0111872512912929,0.0111447238057137,0.0107663560124444,0.0103396526360188,0.00958326802295862,0.00728722805487305,0.0057202317530134,0
801,0.465721,13.5998,2.2286e-06,0.0005326354,0.000532591638171098,0.000532591638171098,0.000532000785184842,0.000532000785184842,0.000532000785184842,0.00053108126669067,0.000527718857042863,0.000526719438480355,0.00052534258554777,0.000524040952951972,0.000523042330133252,0.000520624330062722,0.000518185144579331,0.000516215303133057,0.000498689588857555,0.000478925006383424,0.000443889834662449,0.000337538974040559,0.000264956872853077,0
709,0.985657,32.6715,5.60445e-05,0.0133946355,0.0133935349840618,0.0133935349840618,0.0133786763013963,0.0133786763013963,0.0133786763013963,0.0133555523876179,0.0132709950119083,0.0132458617831429,0.0132112368912017,0.0131785036290572,0.0131533904115378,0.0130925829068474,0.0130312426345582,0.0129817053560265,0.0125409713105659,0.0120439345419796,0.0111628752753924,0.00848837971399809,0.00666309587212343,0
454,0.426944,25.7635,2.81482e-05,0.0067274198,0.00672686706881796,0.00672686706881796,0.00671940433525082,0.00671940433525082,0.00671940433525082,0.00670779041149705,0.00666532169604861,0.00665269859922495,0.0066353083399963,0.006618868146766,0.00660625510053702,0.00657571469418985,0.00654490670674321,0.00652002674129495,0.00629866924754564,0.00604903386192313,0.00560652420535113,0.00426326597374517,0.00334652205350578,0
547,0.774707,37.6162,6.74e-07,0.000161086,0.000161072765021682,0.000161072765021682,0.000160894072159465,0.000160894072159465,0.000160894072159465,0.000160615980323751,0.000159599079981553,0.000159296823806766,0.000158880419392981,0.000158486764017603,0.000158184748501217,0.000157453467855279,0.000156715780062133,0.000156120036934255,0.000150819699762179,0.000144842257158049,0.000134246499399843,0.000102082593782346,8.0131442296946e-05,0
403,0.382259,22.9522,3.41951e-05,0.0081726289,0.00817195742906961,0.00817195742906961,0.00816289152359069,0.00816289152359069,0.00816289152359069,0.0081487826539595,0.00809719065263682,0.00808185581565987,0.00806072971689157,0.0080407577807987,0.00802543515352219,0.00798833394459651,0.007950907671814,0.00792068290054977,0.00765177257468499,0.00734850959606112,0.00681093838520412,0.0051791164727696,0.00406543424701528,0
296,0.371237,28.0499,0.000135855,0.032469345,0.0324666772878644,0.0324666772878644,0.0324306590107183,0.0324306590107183,0.0324306590107183,0.0323746053514588,0.0321696335473204,0.0321087091962437,0.032024776523195,0.0319454292664858,0.0318845534237875,0.0317371526342417,0.0315884603862627,0.0314683792547525,0.0304000152985027,0.0291951703949655,0.027059433495498,0.020576306792731,0.0161517167555662,0
558,0.55107,25.4214,0.00010366,0.02477474,0.0247727044838984,0.0247727044838984,0.024745221839837,0.024745221839837,0.024745221839837,0.0247024518106232,0.0245460543484983,0.0244995678869575,0.0244355256294902,0.0243749821336271,0.0243285326849201,0.0242160630235582,0.024102607954363,0.0240109837219657,0.0231958013017025,0.0222764812715183,0.0206468725931569,0.0157001211742997,0.012324073158014,0
565,0.530634,15.8263,6.79729e-05,0.0162455231,0.0162441883524366,0.0162441883524366,0.016226167177282,0.016226167177282,0.016226167177282,0.0161981216156503,0.0160955672161397,0.0160650846809124,0.0160230902957821,0.0159833901511752,0.0159529318863477,0.0158791822332049,0.0158047864192661,0.0157447057248196,0.0152101667210157,0.0146073416343892,0.0135387594644742,0.0102950295829496,0.00808125595564701,0
842,0.209941,3.41899,0.000158672,0.037922608,0.0379194922426117,0.0379194922426117,0.0378774246553214,0.0378774246553214,0.0378774246553214,0.0378119567209647,0.0375725596718591,0.0375014030075181,0.0374033737476603,0.0373107000299719,0.0372396000210461,0.0370674431031644,0.0368937778249536,0.0367535289323919,0.0355057320484636,0.0340985320886972,0.031604095775626,0.0240321206537574,0.0188644157450164,0
749,0.104269,6.56234,2.66584e-05,0.0063713576,0.00637083412322552,0.00637083412322552,0.00636376636981585,0.00636376636981585,0.00636376636981585,0.00635276713629478,0.0063125461628787,0.00630059116879866,0.00628412132395525,0.00626855126095973,0.00625660578552646,0.00622768179150321,0.00619850437864742,0.00617494123532365,0.00596529953136509,0.0057288765997361,0.00530978765519403,0.00403762406244407,0.00316940065479066,0
469,0.988532,58.4088,4.5365e-06,0.0010842235,0.00108413441917042,0.00108413441917042,0.00108293168894868,0.00108293168894868,0.00108293168894868,0.00108105993284673,0.00107421546934172,0.00107218107002878,0.00106937837177486,0.00106672879075053,0.00106469601124001,0.00105977397169951,0.00105480880749535,0.00105079903197663,0.00101512398808772,0.000974891542429509,0.000903574546776541,0.000687088555925244,0.000539341673560973,0
857,0.857374,61.6756,3.49508e-05,0.0083532412,0.00835255488979199,0.00835255488979199,0.00834328863090657,0.00834328863090657,0.00834328863090657,0.00832886796008807,0.00827613579320368,0.0082604620615809,0.00823886908326439,0.00821845577422319,0.00820279452213105,0.00816487338919329,0.0081266200085988,0.00809572728024,0.00782087412826107,0.00751090914166103,0.00696145779113358,0.00529357317324634,0.00415527895167968,0
867,0.12519,4.95179,0.000146519,0.035018041,0.0350151638845873,0.0350151638845873,0.0349763183363986,0.0349763183363986,0.0349763183363986,0.0349158647196672,0.0346948035605597,0.0346290969248421,0.0345385759184572,0.0344530002627524,0.0343873459431006,0.0342283748615543,0.0340680109479579,0.0339385039934275,0.0327862783226331,0.0314868585705344,0.0291834760319965,0.0221914533507353,0.0174195531066858,0
694,0.211212,17.454,1.9742e-05,0.004718338,0.00471795033688137,0.00471795033688137,0.00471271627978065,0.00471271627978065,0.00471271627978065,0.00470457074710904,0.00467478492135879,0.00466593159583558,0.00465373477693803,0.00464220429560165,0.00463335801915582,0.00461193822314379,0.00459033075665671,0.00457288096313956,0.00441762984080851,0.00424254575788457,0.00393218752396395,0.00299008095912623,0.00234711414514289,0
588,0.0458668,2.92021,5.83719e-05,0.0139508841,0.01394973788215,0.01394973788215,0.0139342621523517,0.0139342621523517,0.0139342621523517,0.0139101779552818,0.0138221091050078,0.0137959321506917,0.0137598693661204,0.0137257767664082,0.0136996206543593,0.0136362879529697,0.0135724003593602,0.0135208059108645,0.0130617691877566,0.0125440916181067,0.0116264439737651,0.00884088272404116,0.00693979901574645,0
689,0.925216,33.2235,2.92383e-05,0.0069879537,0.006987379563106,0.006987379563106,0.0069796278190209,0.0069796278190209,0.0069796278190209,0.00696756412091978,0.00692345071249949,0.00691033875891598,0.00689227502424005,0.00687519814892563,0.00686209663516785,0.00683037348544955,0.00679837239197427,0.00677252889598639,0.00654259885394142,0.0062832957974246,0.00582364899614604,0.00442837018069196,0.00347612336692997,0
612,0.538498,8.94172,4.04223e-05,0.0096609297,0.00966013594886637,0.00966013594886637,0.00964941906980941,0.00964941906980941,0.00964941906980941,0.00963274086267176,0.00957175354708954,0.00955362611419028,0.0095286527846126,0.00950504379992395,0.00948693080020881,0.00944307316570688,0.00939883127063138,0.00936310232784501,0.00904522129035122,0.00868673170848635,0.00805126449954047,0.00612227482292009,0.00480578219578612,0
946,0.209653,14.3508,0.000100516,0.024023324,0.0240213502209486,0.0240213502209486,0.0239947011234136,0.0239947011234136,0.0239947011234136,0.0239532283059676,0.0238015743671006,0.0237564978364405,0.0236943979758233,0.0236356907596341,0.0235906501192111,0.0234815916542154,0.023371577668732,0.0232827323924089,0.022492274393613,0.0216008372707692,0.0200206545010009,0.0152239376804545,0.0119502849464686,0
315,0.198673,7.06467,0.000167162,0.039951718,0.0399484355290124,0.0399484355290124,0.0399041170479533,0.0399041170479533,0.0399041170479533,0.0398351461467046,0.0395829397742974,0.0395079757584372,0.0394047012857114,0.0393070689120334,0.0392321645830273,0.0390507961329735,0.0388678386153505,0.038720085480718,0.0374055232220257,0.0359230287701095,0.033295123638986,0.0253179978365647,0.0198737865834453,0
531,0.0809614,8.8363,0.000103967,0.024848113,0.0248460714555033,0.0248460714555033,0.024818507418699,0.024818507418699,0.024818507418699,0.0247756107215422,0.0246187500718726,0.0245721259357835,0.0245078940104303,0.0244471712086322,0.0244005841949941,0.0242877814428928,0.0241739903645694,0.0240820947773645,0.0232644981085674,0.0223424554153574,0.020708020479382,0.0157466187355626,0.0123605721977546,0
1709,0.384039,21.8253,5.01803e-05,0.0119930917,0.0119921063362277,0.0119921063362277,0.0119788023875128,0.0119788023875128,0.0119788023875128,0.0119580980377447,0.0118823882985139,0.0118598848778497,0.0118288829514326,0.0117995747246773,0.0117770892213881,0.0117226442923119,0.0116677223416199,0.0116233683818576,0.0112287504153948,0.0107837209449081,0.00999485105910081,0.00760020056494996,0.00596590476838789,0
531,0.725348,41.7953,5.14407e-05,0.0122943273,0.0122933171864256,0.0122933171864256,0.0122796790767558,0.0122796790767558,0.0122796790767558,0.0122584546870029,0.0121808433139571,0.012157774665277,0.01212599405025,0.0120959496762616,0.0120728993949949,0.012017086949411,0.011960785500656,0.0119153174835667,0.011510787729312,0.0110545802637835,0.0102458959965542,0.00779109804448004,0.00611575294327079,0
354,0.395764,44.2399,4.16941e-05,0.0099648899,0.00996407117520847,0.00996407117520847,0.00995301711279518,0.00995301711279518,0.00995301711279518,0.0099358141620423,0.00987290801284701,0.00985421023958708,0.0098284511783574,0.00980409938816963,0.00978541650220264,0.0097401789823513,0.00969454511200084,0.00965769203552006,0.00932980956061463,0.00896004088156292,0.00830458007511424,0.00631489892198891,0.004956985709604,0
754,0.121847,13.7103,4.3025e-06,0.0010282975,0.00102821301410354,0.00102821301410354,0.00102707232265,0.00102707232265,0.00102707232265,0.00102529711475214,0.00101880569973388,0.00101687623802465,0.00101421810747522,0.00101170519612127,0.00100977727066244,0.00100510911787439,0.0010004000648625,0.000996597120043965,0.00096276225256198,0.000924605061457724,0.000856966711673331,0.000651647418024548,0.000511521558579541,0
692,0.369045,33.1201,5.83591e-05,0.0139478249,0.0139466789334968,0.0139466789334968,0.0139312065972722,0.0139312065972722,0.0139312065972722,0.0139071276814715,0.0138190781432514,0.0137929069291119,0.0137568520525177,0.0137227669287532,0.0136966165523106,0.0136332977387433,0.013569424154635,0.0135178410199553,0.0130589049560697,0.0125413409046176,0.0116238944853492,0.00883894406350643,0.00693827723167909,0
1316,0.88034,41.3266,4.4359e-06,0.0010601801,0.00106009299459893,0.00106009299459893,0.00105891693574506,0.00105891693574506,0.00105891693574506,0.00105708668711888,0.00105039400428809,0.00104840471917572,0.00104566417267852,0.00104307334793128,0.00104108564670111,0.00103627275676444,0.00103141769848311,0.00102749684248763,0.000992612917173664,0.000953272653601468,0.00088353716125781,0.00067185189578503,0.000527381401906562,0
809,0.258987,4.09686,1.50315e-05,0.0035925285,0.0035922333344561,0.0035922333344561,0.00358824813896884,0.00358824813896884,0.00358824813896884,0.00358204615465351,0.00355936731564202,0.00355262641995758,0.00354333979837625,0.00353456052422937,0.00352782499569145,0.00351151602680508,0.00349506416617796,0.00348177794536685,0.00336357020322729,0.00323026170396322,0.00299395586903374,0.00227663873655688,0.00178708571941624,0
691,0.508061,4.66688,1.76275e-05,0.0042129725,0.00421262635818946,0.00421262635818946,0.00420795290354743,0.00420795290354743,0.00420795290354743,0.00420067981180552,0.00417408424684693,0.00416617917159313,0.00415528871342696,0.00414499322362061,0.00413709444244095,0.00411796884958298,0.00409867568701075,0.00408309488287623,0.00394447219222227,0.00378814078346218,0.00351102398838388,0.00266982332625862,0.00209572255057777,0
908,0.23975,25.8945,4.86933e-05,0.0116376987,0.0116367425356532,0.0116367425356532,0.0116238328247515,0.0116238328247515,0.0116238328247515,0.0116037420099384,0.0115302757882282,0.0115084392146439,0.0114783559727422,0.0114499162408581,0.0114280970537007,0.0113752654989873,0.0113219710583078,0.0112789314457726,0.0108960072498957,0.0104641654012968,0.00969867220953469,0.00737498273564084,0.00578911625993751,0
446,0.341153,13.5658,5.5345e-05,0.013227455,0.01322636821977,0.01322636821977,0.0132116949906018,0.0132116949906018,0.0132116949906018,0.0131888596899377,0.0131053576878028,0.0130805381507203,0.0130463454173658,0.0130140207040864,0.0129892209284864,0.0129291723715881,0.012868597696645,0.0128196787004842,0.01238444552424,0.0118936123477926,0.011023549717039,0.00838243494493169,0.00657993275062979,0
549,0.454749,42.822,1.25805e-05,0.0030067395,0.00300649246343512,0.00300649246343512,0.00300315708427619,0.00300315708427619,0.00300315708427619,0.00299796638050883,0.00297898549808299,0.00297334375652971,0.0029655713889813,0.00295822364202292,0.00295258639246225,0.00293893672455984,0.00292516746449801,0.00291404766268753,0.00281511458881022,0.00270354305070747,0.00250576867314499,0.00190541553572523,0.00149568784839277,0
1419,0.217186,10.2493,3.56619e-05,0.0085231941,0.00852249382630077,0.00852249382630077,0.00851303903849203,0.00851303903849203,0.00851303903849203,0.00849832496840887,0.00844451992640083,0.00842852730106011,0.00840649499755274,0.00838566636456876,0.00836968647266401,0.0083309938060952,0.00829196213204417,0.00826044086816871,0.00797999562455319,0.00766372416994752,0.0071030938233639,0.00540127485342234,0.00423982118998436,0
4224,0.824978,33.2361,1.68987e-05,0.0040387893,0.00403845746924614,0.00403845746924614,0.00403397723620349,0.00403397723620349,0.00403397723620349,0.00402700484673141,0.00400150886184611,0.00399393061789822,0.00398349042017235,0.00397362059214282,0.00396604838204379,0.00394771352707122,0.00392921803046879,0.00391428140673723,0.00378139000055064,0.00363152203417911,0.00336586249170346,0.00255944084206192,0.00200907597024244,0
636,0.291786,16.8991,8.82405e-05,0.0210894795,0.0210877467683913,0.0210877467683913,0.0210643521875182,0.0210643521875182,0.0210643521875182,0.0210279442310949,0.0208948110046176,0.0208552394378649,0.0208007235125317,0.0207491859054826,0.0207096458458778,0.0206139061280174,0.020517327582452,0.0204393325209156,0.0197454090754667,0.0189628385649181,0.0175756353565161,0.0133647167902836,0.0104908583590559,0
388,0.757131,10.0093,1.6799e-06,0.0004014961,0.000401463112700183,0.000401463112700183,0.00040101773267164,0.00040101773267164,0.00040101773267164,0.000400324607338085,0.000397790051129097,0.000397036697793749,0.00039599883759387,0.000395017677853369,0.000394264924343018,0.000392442256157393,0.000390603618585129,0.000389118768614028,0.000375908032092707,0.000361009655489327,0.000334600436708897,0.000254434049399056,0.000199722269903026,0
423,0.50068,39.1066,8.2327e-06,0.0019676153,0.0019674536388635,0.0019674536388635,0.00196527096122734,0.00196527096122734,0.00196527096122734,0.00196187415609992,0.00194945303525836,0.00194576107025811,0.00194067482008397,0.00193586644232599,0.00193217741689313,0.00192324505165008,0.00191423442510018,0.00190695760841045,0.0018422156412939,0.00176920304229239,0.00163977916262476,0.00124690707690196,0.000978780600887341,0
525,0.179613,17.2582,4.38934e-05,0.0104905226,0.010489660688728,0.010489660688728,0.0104780235414307,0.0104780235414307,0.0104780235414307,0.0104599131613391,0.0103936888089945,0.0103740047567951,0.0103468869444865,0.0103212506346146,0.0103015822549901,0.0102539585251616,0.0102059175379514,0.0101671205180564,0.00982194274412644,0.00943266933285031,0.00874263397144967,0.00664800018089917,0.00521845912361539,0
656,0.357125,10.3606,1.19048e-05,0.0028452472,0.00284501343179543,0.00284501343179543,0.00284185719620771,0.00284185719620771,0.00284185719620771,0.00283694528569465,0.00281898386849317,0.00281364514548188,0.00280629023262546,0.00279933713394178,0.00279400266165769,0.00278108611887763,0.00276805640724581,0.00275753385117941,0.00266391448327713,0.00255833546441416,0.00237118356981491,0.00180307546359062,0.00141535429414938,0
632,0.21247,0.802433,2.6909e-05,0.006431251,0.00643072260232706,0.00643072260232706,0.00642358840910837,0.00642358840910837,0.00642358840910837,0.00641248577823712,0.00637188671101427,0.00635981933503898,0.00634319466683342,0.00632747823879773,0.00631542047094843,0.00628622457940311,0.00625677288678328,0.00623298824015411,0.00602137581735975,0.005782730412264,0.00535970185808661,0.00407557940072575,0.00319919433348445,0
974,0.478317,22.8591,2.52207e-05,0.0060277473,0.00602725205457319,0.00602725205457319,0.00602056546841576,0.00602056546841576,0.00602056546841576,0.00601015942871102,0.00597210759123259,0.00596079733558354,0.00594521571718777,0.00593048535498331,0.00591918410463596,0.00589181999515969,0.00586421613384723,0.00584192376188096,0.00564358813322253,0.00541991560104749,0.00502342831960478,0.00381987310535078,0.00299847339278722,0
358,0.392795,40.1134,2.11366e-05,0.0050516474,0.0050512323518654,0.0050512323518654,0.0050456285543112,0.0050456285543112,0.0050456285543112,0.00503690761084718,0.00500501767646603,0.00499553894076275,0.00498248052305887,0.00497013551384935,0.00496066432517926,0.00493773140752209,0.00491459756210872,0.00489591509297415,0.00472969683381791,0.00454224458849676,0.00420996225402778,0.00320130408270021,0.00251291727485702,0
540,0.800248,2.19491,4.45433e-05,0.0106458487,0.0106449740269886,0.0106449740269886,0.0106331645762918,0.0106331645762918,0.0106331645762918,0.0106147860480044,0.0105475811562943,0.0105276056555963,0.0105000863281118,0.0104740704386725,0.0104541108426027,0.0104057819802938,0.0103570296825543,0.0103176582213258,0.00996736963266567,0.00957233251226724,0.00887208026219144,0.00674643264039345,0.00529572533184801,0
340,0.520463,24.4338,9.76213e-05,0.0233314907,0.0233295737626278,0.0233295737626278,0.02330369211647,0.02330369211647,0.02330369211647,0.0232634136498205,0.0231161271017852,0.0230723487030971,0.0230120372191217,0.0229550206768421,0.0229112771348098,0.0228053593791403,0.0226985136204443,0.0226122269459495,0.0218445328729875,0.0209787677132093,0.0194440916793203,0.0147855126296804,0.0116061358574226,0
306,0.287772,9.17739,0.000161459,0.038588701,0.03858553051578,0.03858553051578,0.0385427240308532,0.0385427240308532,0.0385427240308532,0.0384761061826299,0.0382325042355217,0.0381600977374135,0.0380603466391266,0.0379660451506204,0.0378936963030534,0.0377185155288508,0.0375417999006705,0.037399087601436,0.0361293737446612,0.0346974569710407,0.0321592070424322,0.0244542336936259,0.019195760447808,0
763,0.220576,24.7934,2.96993e-05,0.0070981327,0.00709754951069501,0.00709754951069501,0.00708967554493412,0.00708967554493412,0.00708967554493412,0.00707742163861896,0.00703261269450467,0.00701929400487284,0.00700094545946285,0.0069835993332166,0.00697029124801512,0.00693806791969478,0.00690556226528086,0.00687931129513579,0.00664575594828914,0.00638236446292885,0.00591547041487502,0.00449819225151341,0.00353093137123099,0
4448,0.155867,9.79184,0.00010521,0.02514519,0.0251431240473756,0.0251431240473756,0.0251152304627557,0.0251152304627557,0.0251152304627557,0.0250718209048395,0.0249130848736784,0.0248659033126259,0.024800903448569,0.0247394546621543,0.0246923106673784,0.024578159277528,0.0244630077453071,0.024370013480494,0.0235426418575354,0.0226095754830836,0.02095559970602,0.0159348808484283,0.0125083516974209,0
4224,0.824978,33.2361,1.68987e-05,0.0040387893,0.00403845746924614,0.00403845746924614,0.00403397723620349,0.00403397723620349,0.00403397723620349,0.00402700484673141,0.00400150886184611,0.00399393061789822,0.00398349042017235,0.00397362059214282,0.00396604838204379,0.00394771352707122,0.00392921803046879,0.00391428140673723,0.00378139000055064,0.00363152203417911,0.00336586249170346,0.00255944084206192,0.00200907597024244,0
808,0.144421,12.5449,9.222e-06,0.002204058,0.00220387691250734,0.00220387691250734,0.00220143194874568,0.00220143194874568,0.00220143194874568,0.00219762695926652,0.00218371322787817,0.0021795776100089,0.00217388015970633,0.00216849397295301,0.00216436164789054,0.00215435590587742,0.00214426249812016,0.00213611124719243,0.00206358942315551,0.00198180310906755,0.00183682673214444,0.00139674433213768,0.00109639786478106,0
598,0.277369,0.70103,0.000161034,0.038487126,0.0384839638612782,0.0384839638612782,0.0384412700536013,0.0384412700536013,0.0384412700536013,0.0383748275600222,0.0381318668334562,0.0380596509271496,0.0379601623984114,0.0378661091347339,0.037793950727218,0.0376192310721172,0.0374429806031535,0.0373006439579686,0.0360342723019328,0.0346061246872244,0.0320745560598729,0.0243898641055584,0.0191452324611965,0
382,0.667715,13.7678,7.9448e-05,0.018988072,0.0189865119220216,0.0189865119220216,0.0189654484346071,0.0189654484346071,0.0189654484346071,0.0189326682563225,0.0188128007512974,0.0187771721925815,0.0187280883678539,0.0186816860944666,0.0186460859034491,0.0185598859260626,0.0184729307038224,0.0184027072616509,0.017777928051492,0.0170733347873778,0.0158243559114521,0.0120330236065576,0.00944552348309758,0
631,0.30555,23.3944,9.09629e-05,0.0217401331,0.0217383469100753,0.0217383469100753,0.0217142305585077,0.0217142305585077,0.0217142305585077,0.0216766993421236,0.0215394586831662,0.0214986662526001,0.0214424683994092,0.0213893407517163,0.0213485808003581,0.0212498873162803,0.0211503291249463,0.0210699277561527,0.0203545953523696,0.0195478809401215,0.0181178796739733,0.0137770456527659,0.0108145228078826,0
511,0.142975,2.85587,2.4844e-05,0.005937716,0.00593722815163007,0.00593722815163007,0.00593064143728449,0.00593064143728449,0.00593064143728449,0.00592039082368438,0.00588290733391946,0.00587176600987433,0.00585641712077035,0.00584190677337288,0.00583077432012497,0.00580381892492069,0.00577662735884811,0.00575466794895346,0.00555929468975011,0.00533896296266256,0.00494839767223992,0.00376281893164483,0.00295368776324233,0
508,0.617578,42.8659,4.22743e-05,0.0101035577,0.0101027275821307,0.0101027275821307,0.0100915196953871,0.0100915196953871,0.0100915196953871,0.0100740773545999,0.010010295826208,0.00999133786150501,0.00996522034650548,0.00994052968562217,0.00992158681537832,0.00987571978657925,0.009829450891811,0.00979208498126079,0.0094596398125464,0.00908472556643399,0.0084201436047163,0.00640277476904012,0.00502596532803232,0
1774,0.267466,22.5336,6.87784e-05,0.0164380376,0.016436687035263,0.016436687035263,0.0164184523035794,0.0164184523035794,0.0164184523035794,0.0163900743933221,0.0162863046922897,0.016255460929542,0.0162129688978905,0.0161727982942259,0.0161419790894897,0.016067355480026,0.0159920780525599,0.0159312853832032,0.0153904119259986,0.0147804431746575,0.0136991979737718,0.0104170288845693,0.00817702135144848,0
754,0.962959,46.0398,2.8472e-06,0.0006804808,0.000680424891053016,0.000680424891053016,0.000679670033015473,0.000679670033015473,0.000679670033015473,0.000678495280679205,0.000674199555672817,0.000672922725137425,0.000671163694503999,0.000669500763369315,0.000668224949454992,0.000665135776969659,0.00066201953856514,0.000659502921601203,0.000637112535849964,0.000611861831721657,0.000567101829512216,0.000431230802695989,0.000338501843483479,0
333,0.353802,21.7564,0.000101568,0.024274752,0.024272757563386,0.024272757563386,0.0242458295565171,0.0242458295565171,0.0242458295565171,0.0242039226847519,0.0240506815364487,0.0240051332350232,0.0239423834375464,0.0238830617918989,0.0238375497563377,0.0237273498859421,0.0236161844945856,0.0235264093640036,0.0227276784353783,0.0218269115356509,0.0202301905801829,0.0153832713431534,0.0120753565745048,0
376,0.918356,3.47346,6.02672e-05,0.0144038608,0.0144026773651554,0.0144026773651554,0.014386699147847,0.014386699147847,0.014386699147847,0.0143618329515839,0.0142709045594425,0.0142438776553815,0.014206643934185,0.0141714443685485,0.0141444389834904,0.0140790499079045,0.0140130879230869,0.0139598182343088,0.013485876868705,0.012951390624029,0.0120039475202229,0.00912794079525137,0.00716513005815802,0
460,0.194778,12.3738,4.06881e-05,0.0097244559,0.00972365692949361,0.00972365692949361,0.00971286958075895,0.00971286958075895,0.00971286958075895,0.00969608170476382,0.00963469336231075,0.0096164467310565,0.00959130918739398,0.00956754495997718,0.00954931285681359,0.00950516683300055,0.00946063402187843,0.00942467014063006,0.00910469885147405,0.00874385199328251,0.00810420621992694,0.00616253232058677,0.0048373829930599,0
483,0.268746,22.5069,1.8295e-05,0.004372505,0.00437214575084817,0.00437214575084817,0.00436729532664305,0.00436729532664305,0.00436729532664305,0.00435974682495998,0.0043321441665616,0.00432393975006645,0.00431263690325606,0.00430195155445407,0.00429375367037057,0.00427390384927645,0.00425388011311086,0.00423770931114569,0.00409383739933095,0.00393158619392656,0.00364397582569752,0.00277092144398817,0.00217508121190301,0
394,0.406742,23.6299,2.76249e-05,0.0066023511,0.0066018086445808,0.0066018086445808,0.00659448464984867,0.00659448464984867,0.00659448464984867,0.00658308663923678,0.00654140745487005,0.00652901903261059,0.00651195207372279,0.00649581751826391,0.00648343895974965,0.0064534663266399,0.00642323108700061,0.00639881366217374,0.00618157140053445,0.00593657695810888,0.00550229394847289,0.00418400807860229,0.0032843072408144,0
392,0.0272195,1.00724,3.20554e-05,0.0076612406,0.00766061114521665,0.00766061114521665,0.00765211252329453,0.00765211252329453,0.00765211252329453,0.00763888649209194,0.00759052277216719,0.00757614748643236,0.00755634331722516,0.00753762109093451,0.00752325725089897,0.0074884775867776,0.00745339319911527,0.00742505969130908,0.0071729759699652,0.00688868915445715,0.00638475554430524,0.00485504210197422,0.00381104664006754,0
397,0.845354,42.3391,7.19431e-05,0.0171944009,0.0171929881917379,0.0171929881917379,0.0171739144254831,0.0171739144254831,0.0171739144254831,0.0171442307626553,0.0170356863071527,0.0170034233305824,0.0169589761133994,0.0169169571400516,0.0168847198514805,0.0168066625864378,0.0167279214192701,0.0166643314972772,0.0160985708337692,0.0154605355948772,0.0143295390667253,0.0108963475559981,0.00855327057316531,0
1056,0.187769,16.8583,8.19616e-05,0.0195888224,0.0195872129637998,0.0195872129637998,0.0195654830633608,0.0195654830633608,0.0195654830633608,0.0195316657758207,0.019408005866196,0.0193712500802977,0.0193206133265872,0.0192727429639542,0.0192360164432601,0.0191470892447585,0.0190573829067366,0.0189849377139327,0.0183403915490027,0.017613506148791,0.0163250116991249,0.012413728069067,0.00974436382932548,0
620,0.761742,26.5226,6.45233e-05,0.0154210687,0.0154198016903909,0.0154198016903909,0.0154026950833335,0.0154026950833335,0.0154026950833335,0.0153760728237737,0.0152787230228097,0.0152497874651797,0.0152099242798503,0.0151722389031706,0.0151433263842264,0.0150733194992085,0.0150026992458205,0.0149456676248071,0.0144382562814021,0.0138660243490889,0.0128516723363886,0.00977256056883749,0.00767113514949338,0
2413,0.210079,2.04109,0.000146947,0.035120333,0.0351174474801797,0.0351174474801797,0.0350784884593723,0.0350784884593723,0.0350784884593723,0.0350178582501992,0.0347961513442868,0.0347302527714138,0.034639467342048,0.0345536417093393,0.0344877956053536,0.0343283601497473,0.0341675277934573,0.0340376425332018,0.0328820510696631,0.0315788355528247,0.0292687245509032,0.0222562773123657,0.0174704377614382,0
596,0.248259,18.3465,2.75668e-05,0.0065884652,0.0065879238854595,0.0065879238854595,0.00658061529437024,0.00658061529437024,0.00658061529437024,0.0065692412557697,0.00652764973002298,0.00651528736278392,0.00649825629869796,0.00648215567703331,0.00646980315279428,0.00643989355737819,0.00640972190774006,0.00638535583703149,0.00616857047389322,0.00592409129766247,0.00549072166121008,0.00417520837726882,0.00327739976782115,0
412,0.20125,23.7539,5.50514e-05,0.0131572846,0.0131562035850365,0.0131562035850365,0.0131416081959638,0.0131416081959638,0.0131416081959638,0.0131188940344139,0.013035835002517,0.0130111471307356,0.0129771357866035,0.0129449825528763,0.0129203143377446,0.0128605843327717,0.0128003310007604,0.0127516715152559,0.0123187472099223,0.0118305178571374,0.0109650708264993,0.00833796691891612,0.00654502682858471,0
537,0.248492,7.22842,1.2818e-05,0.003063502,0.00306325029977436,0.00306325029977436,0.00305985195391695,0.00305985195391695,0.00305985195391695,0.00305456325784843,0.00303522404629607,0.00302947579755954,0.00302155669996918,0.00301407023913595,0.00300832656719376,0.00299441921508748,0.00298039001311041,0.00296906028697816,0.00286825951268785,0.00275458167989892,0.00255307363398693,0.0019413867761159,0.00152392407620513,0
306,0.239806,9.93171,7.96907e-05,0.0190460773,0.0190445124562513,0.0190445124562513,0.0190233846234989,0.0190233846234989,0.0190233846234989,0.0189905043073976,0.018870270627724,0.0188345332298781,0.0187852994624929,0.018738755438127,0.0187030464946379,0.0186165831911197,0.0185293623356044,0.0184589243728733,0.0178322365694924,0.0171254908939242,0.015872696601963,0.0120697824277905,0.0094743779356873,0
783,0.392389,3.8708,5.15652e-05,0.0123240828,0.0123230702416855,0.0123230702416855,0.0123093991242096,0.0123093991242096,0.0123093991242096,0.012288123365861,0.0122103241529151,0.0121871996720485,0.0121553421395889,0.0121252250503271,0.0121021189813278,0.0120461714549718,0.0119897337419286,0.0119441556803001,0.0115386468578289,0.0110813352504543,0.0102706937549745,0.00780995454733746,0.00613055467111348,0
652,0.13971,13.0449,8.24067e-05,0.0196952013,0.0196935831236087,0.0196935831236087,0.0196717352169486,0.0196717352169486,0.0196717352169486,0.0196377342815212,0.0195134028253945,0.0194764474338235,0.0194255356925691,0.0193774053655332,0.0193404793980938,0.0192510692722694,0.0191608757757361,0.0190880371626559,0.0184399907305518,0.0177091579123831,0.0164136661752122,0.0124811419600055,0.00979728149248033,0
470,0.261715,13.5948,0.000137012,0.032745868,0.0327431775684728,0.0327431775684728,0.032706852544084,0.032706852544084,0.032706852544084,0.0326503215075932,0.0324436040748258,0.0323821608655974,0.0322975133855654,0.0322174903732638,0.0321560960855322,0.0320074399670437,0.0318574813915029,0.0317363775970863,0.0306589149908244,0.0294438091064371,0.0272898833468417,0.0207515435301288,0.0162892717685299,0
859,0.950017,7.33994,3.01373e-05,0.0072028147,0.00720222290992275,0.00720222290992275,0.00719423282031372,0.00719423282031372,0.00719423282031372,0.00718179819556526,0.00713632841710396,0.00712281330580364,0.00710419415930576,0.00708659221547136,0.00707308786499365,0.00704038931275207,0.00700740427072183,0.00698076615593283,0.0067437663763245,0.00647649044013245,0.00600271072160667,0.00456453079168651,0.00358300491978598,0
316,0.0206388,2.7125,3.85994e-05,0.0092252566,0.00922449864418087,0.00922449864418087,0.00921426505773302,0.00921426505773302,0.00921426505773302,0.0091983389776092,0.00914010197008898,0.00912279201906067,0.00909894489661339,0.00907640059201937,0.00905910442329061,0.00901722460998969,0.00897497786488173,0.00894086016860547,0.00863731441988167,0.00829499142573649,0.00768818149693517,0.0058461823003595,0.00458905874450555,0
508,0.825877,58.9207,1.75836e-05,0.0042024804,0.00420213512023033,0.00420213512023033,0.00419747330448541,0.00419747330448541,0.00419747330448541,0.00419021832584675,0.00416368899519828,0.00415580360695646,0.00414494027068015,0.00413467042103845,0.00412679131119584,0.00410771334922861,0.00408846823486724,0.0040729262335863,0.00393464877260868,0.00377870669579268,0.00350228003983247,0.00266317432645588,0.00209050330678424,0
355,0.774326,7.97263,6.6368e-06,0.0015861952,0.00158606487670015,0.00158606487670015,0.00158430530876549,0.00158430530876549,0.00158430530876549,0.00158156697064195,0.00157155367065515,0.00156857738908123,0.00156447710300792,0.00156060082408312,0.00155762691224462,0.00155042607635299,0.00154316215002428,0.00153729593638763,0.00148510412964633,0.00142624494407498,0.00132190974364522,0.00100519548726213,0.000789045038926368,0
596,0.236026,6.51049,0.000100535,0.024027865,0.0240258908478558,0.0240258908478558,0.0239992367129849,0.0239992367129849,0.0239992367129849,0.0239577560561548,0.0238060734509577,0.0237609883997229,0.0236988768007023,0.0236401584874031,0.0235951093331897,0.0234860302534577,0.0233759954726209,0.0232871334023521,0.0224965259875232,0.0216049203611045,0.0200244388978683,0.0152268153796857,0.0119525438446936,0
1409,0.542873,45.7533,7.7611e-06,0.0018549029,0.00185475049942103,0.00185475049942103,0.00185269285376383,0.00185269285376383,0.00185269285376383,0.00184949063040158,0.00183778103804871,0.00183430056268055,0.00182950567203392,0.00182497273622703,0.00182149503203679,0.00181307434624867,0.00180457988225552,0.00179771990897692,0.00173668660508048,0.00166785644218002,0.00154584644880137,0.00117547955282518,0.000922712369155531,0
558,0.559139,17.9971,6.66541e-05,0.0159303299,0.0159290210490084,0.0159290210490084,0.0159113495179884,0.0159113495179884,0.0159113495179884,0.0158838480921325,0.0157832834376832,0.0157533923200276,0.0157122127036524,0.0156732828152903,0.0156434154971438,0.0155710967236981,0.0154981443261712,0.0154392293083376,0.0149150613500271,0.01432393218522,0.0132760824861233,0.0100952869647298,0.00792446464095678,0
592,0.238686,9.76223,9.25741e-05,0.0221252099,0.0221233920718007,0.0221233920718007,0.0220988485541506,0.0220988485541506,0.0220988485541506,0.0220606525579955,0.0219209809942438,0.0218794660189465,0.021822272749151,0.0217682040665311,0.0217267221457366,0.0216262805320198,0.0215249588947328,0.0214431333993404,0.0207151305159554,0.0198941270005563,0.018438796528325,0.0140210745475761,0.0110060773773616,0
434,0.130152,16.6374,4.62613e-05,0.0110564507,0.0110555422915394,0.0110555422915394,0.0110432773596301,0.0110432773596301,0.0110432773596301,0.0110241899859809,0.0109543930545262,0.0109336471144984,0.0109050663882263,0.0108780470864207,0.0108573176644501,0.0108071247959843,0.0107564921605168,0.0107156021730366,0.0103518032293889,0.00994152983837633,0.0092142694105133,0.00700663723404045,0.00549997728713904,0
345,0.344691,9.10586,0.0002299,0.0549461,0.0549415855763867,0.0549415855763867,0.0548806338122567,0.0548806338122567,0.0548806338122567,0.0547857772647335,0.0544389146702658,0.0543358157168777,0.0541937810362705,0.0540595060054108,0.0539564891401035,0.0537070508307546,0.0534554270568017,0.0532522203133312,0.0514442863135385,0.0494053930573226,0.045791202094991,0.0348201606981624,0.0273326685223559,0
453,0.361344,30.7499,3.6697e-05,0.008770583,0.00876986240059445,0.00876986240059445,0.00876013318402951,0.00876013318402951,0.00876013318402951,0.00874499203255296,0.00868962527905499,0.00867316846177582,0.00865049666240982,0.00862906347055485,0.00861261975630438,0.00857280402060114,0.00853263943759657,0.00850020325723495,0.0082116179854194,0.0078861666334257,0.00730926378112173,0.00555804887838392,0.00436288358749411,0
627,0.117997,10.0585,0.000141573,0.033835947,0.0338331670065498,0.0338331670065498,0.0337956327564272,0.0337956327564272,0.0337956327564272,0.0337372198551549,0.0335236209944043,0.0334601323988061,0.033372667084158,0.0332899801814007,0.0332265421358498,0.0330729373956608,0.0329179868408551,0.0327928516155687,0.0316795212973753,0.0304239656864043,0.0281983377737893,0.0214423428034839,0.0168315262319073,0
401,0.828852,13.8116,0.000140365,0.033547235,0.0335444787274011,0.0335444787274011,0.0335072647457913,0.0335072647457913,0.0335072647457913,0.0334493502643076,0.033237573978651,0.0331746271122207,0.0330879081129017,0.0330059267527163,0.0329430300050049,0.0327907359280508,0.0326371075199128,0.0325130400360188,0.0314092094319262,0.0301643671008747,0.0279577298045385,0.0212593817155179,0.0166879078605502,0
592,0.749389,25.0637,4.18082e-05,0.0099921598,0.00999133883468766,0.00999133883468766,0.0099802545217468,0.0099802545217468,0.0099802545217468,0.00996300449342945,0.00989992619537801,0.00988117725382499,0.0098553477003941,0.00983092926914056,0.00981219525562103,0.00976683393885322,0.00972107518693421,0.0096841212583898,0.00935534150088595,0.00898456091352395,0.00832730637419662,0.00633218026316186,0.00497055098789196,0
1063,0.576161,8.25369,0.000110243,0.026348077,0.0263459122170405,0.0263459122170405,0.0263166842686586,0.0263166842686586,0.0263166842686586,0.0262711980991562,0.0261048685080214,0.0260554298915865,0.0259873205862617,0.0259229322338169,0.0258735329807413,0.0257539208557411,0.0256332607439016,0.0255358178512509,0.0246688667075399,0.0236911646229596,0.021958066518304,0.0166971682290018,0.0131067219482822,0
443,0.162022,15.2527,1.84504e-05,0.0044096456,0.0044092832993413,0.0044092832993413,0.00440439167503115,0.00440439167503115,0.00440439167503115,0.00439677905543818,0.0043689419366345,0.00436066783080765,0.00434926897621403,0.0043384928647335,0.00433022534680542,0.00431020691886801,0.00429001309860293,0.00427370493983943,0.00412861096215446,0.00396498157487962,0.00367492820849683,0.00279445799454273,0.00219355662159581,0
1145,0.080631,6.1239,2.36583e-05,0.0056543337,0.00565386913458821,0.00565386913458821,0.00564759677651376,0.00564759677651376,0.00564759677651376,0.00563783538174095,0.00560214082185102,0.00559153122650982,0.00557691487555632,0.00556309704622797,0.00555249589831801,0.00552682697115808,0.0055009331445756,0.0054800217652844,0.00529397285294296,0.00508415663578972,0.00471223138983874,0.00358323535382921,0.00281272062506504,0
1429,0.332897,10.9734,4.53356e-05,0.0108352084,0.0108343181690163,0.0108343181690163,0.0108222986614134,0.0108222986614134,0.0108222986614134,0.0108035932308093,0.0107351929531331,0.0107148621444719,0.0106868533255674,0.0106603746866416,0.0106400600655071,0.010590871568694,0.0105412521047253,0.0105011803359594,0.0101446610987214,0.00974259737924992,0.00902988961156013,0.00686643269833671,0.00538992138783001,0
550,0.180934,16.6526,3.56916e-05,0.0085302924,0.00852959154309772,0.00852959154309772,0.00852012888113763,0.00852012888113763,0.00852012888113763,0.00850540255685934,0.00845155270485106,0.00843554676050679,0.00841349610802154,0.00839265012850248,0.00837665692819886,0.00833793203754224,0.00829886785707065,0.00826732034160632,0.00798664153713914,0.00767010668484009,0.00710900943320392,0.00540577315169435,0.00424335220457816,0
425,0.52001,3.86756,0.000185413,0.044313707,0.0443100661438651,0.0443100661438651,0.0442609089040102,0.0442609089040102,0.0442609089040102,0.0441844076554416,0.0439046650098216,0.0438215163093234,0.0437069661734581,0.0435986741495486,0.0435155916526055,0.0433144211208469,0.0431114880247184,0.0429476029793635,0.041489514824933,0.0398451593864174,0.0369303355982539,0.0280822551349647,0.0220436366626167,0
632,0.369718,18.3453,8.07938e-05,0.0193097182,0.0193081316952652,0.0193081316952652,0.0192867114053967,0.0192867114053967,0.0192867114053967,0.0192533759511589,0.0191314779647086,0.0190952458802361,0.0190453306058644,0.0189981423066549,0.0189619390704119,0.018874278918703,0.0187858507287595,0.0187144377448944,0.0180790751611951,0.017362546522813,0.0160924107169303,0.0122368555868429,0.00960552481105489,0
301,0.256134,15.2624,3.19436e-05,0.0076345204,0.00763389314057359,0.00763389314057359,0.00762542415939627,0.00762542415939627,0.00762542415939627,0.00761224425678008,0.00756404921557678,0.00754972406669706,0.00752998896872645,0.0075113320401672,0.00749701829706746,0.00746235993439449,0.00742739791096846,0.00739916322227458,0.00714795869632513,0.00686466339132619,0.00636248735642259,0.00483810911386611,0.00379775480735419,0
1151,0.0491064,4.4261,0.000151492,0.036206588,0.0362036132324401,0.0362036132324401,0.036163449227866,0.036163449227866,0.036163449227866,0.0361009437554981,0.0358723795616699,0.0358044427776478,0.0357108493986372,0.0356223692204075,0.0355544865281103,0.0353901198105815,0.035224312986903,0.0350904104380477,0.0338990770866053,0.0325555537409305,0.0301739921173309,0.0229446532600522,0.0180107899947314,0
4171,0.237857,22.9655,8.27445e-05,0.0197759355,0.0197743106904103,0.0197743106904103,0.0197523732252209,0.0197523732252209,0.0197523732252209,0.0197182329137962,0.019593391800495,0.0195562849220756,0.0195051644843657,0.0194568368623954,0.0194197595287225,0.0193299828945862,0.0192394196785625,0.0191662824868048,0.0185155795949134,0.0177817509605552,0.0164809487679382,0.0125323044231801,0.00983744232513302,0
400,0.357034,18.2537,4.77926e-05,0.0114224314,0.0114214929222184,0.0114214929222184,0.0114088220075496,0.0114088220075496,0.0114088220075496,0.0113891028208025,0.0113169955340154,0.0112955628805152,0.0112660361007136,0.0112381224302488,0.0112167068415716,0.0111648525338579,0.0111125439023702,0.0110703004112523,0.0106944593217417,0.0102706054294537,0.00951927188014383,0.00723856464629402,0.00568203259513505,0
489,0.0434173,16.201,0.000134735,0.032201665,0.0321990192807067,0.0321990192807067,0.0321632979412545,0.0321632979412545,0.0321632979412545,0.0321077063930573,0.0319044243936418,0.0318440023080188,0.0317607615829574,0.0316820684716791,0.0316216944945274,0.0314755088894377,0.0313280424728063,0.031208951300203,0.0301493950259008,0.0289544829646732,0.0268363532591066,0.0204066739959413,0.0160185606496721,0
360,0.791552,2.87079,0.00024156,0.05773284,0.0577280966151891,0.0577280966151891,0.0576640535175673,0.0576640535175673,0.0576640535175673,0.0575643860638061,0.0571999313951692,0.0570916034996476,0.056942365146244,0.0568012799942019,0.05669303835008,0.0564309491025536,0.0561665635486777,0.0559530506258734,0.054053422365804,0.0519111211262586,0.0481136266988518,0.0365861592790261,0.028718918696217,0
1176,0.775963,39.6844,0.000149566,0.035746274,0.0357433370522743,0.0357433370522743,0.0357036836744845,0.0357036836744845,0.0357036836744845,0.0356419728681041,0.0354163145348977,0.0353492414680754,0.0352568379924786,0.0351694827107667,0.0351024630479718,0.0349401860137131,0.0347764871821557,0.0346442870090635,0.0334680997249704,0.0321416573206243,0.0297903737822507,0.0226529454327158,0.0177818090483458,0
380,0.0449096,7.288,5.6269e-05,0.013448291,0.0134471860756751,0.0134471860756751,0.0134322678729094,0.0134322678729094,0.0134322678729094,0.0134090513306189,0.0133241552395876,0.0132989213335058,0.0132641577430618,0.0132312933598019,0.0132060795451261,0.0131450284610515,0.0130834424752465,0.0130337067629875,0.0125912072491366,0.0120921794777838,0.011207590912062,0.00852238200228316,0.00668978653799237,0
395,0.128596,12.0222,5.19801e-05,0.0124232439,0.0124222231945156,0.0124222231945156,0.0124084420775315,0.0124084420775315,0.0124084420775315,0.0123869951317902,0.0123085699367198,0.0122852593934096,0.0122531455312894,0.012222786116189,0.0121994941328904,0.0121430964457926,0.0120862046279045,0.0120402598395345,0.0116314882427419,0.0111704970494082,0.0103533330318305,0.00787279441107677,0.0061798818749844,0
447,0.180691,18.5392,5.98394e-05,0.0143016166,0.0143004415656357,0.0143004415656357,0.0142845767679215,0.0142845767679215,0.0142845767679215,0.0142598870815802,0.0141696041344928,0.014142769077897,0.0141057996561192,0.014070849950675,0.0140440362603319,0.0139791113418089,0.0139136175807863,0.013860726020955,0.0133901488752951,0.012859456621637,0.0119187388370727,0.0090631471251919,0.00711426918128171,0
408,0.820126,34.181,6.76237e-05,0.0161620643,0.0161607364094907,0.0161607364094907,0.0161428078152671,0.0161428078152671,0.0161428078152671,0.016114906333263,0.0160128787907249,0.0159825528546908,0.015940774209058,0.0159012780176516,0.0158709762273319,0.0157976054513428,0.0157235918341063,0.0156638197947047,0.0151320269003081,0.014532298732016,0.0134692062336278,0.0102421405002363,0.00803973978405933,0
472,0.724832,18.8274,1.11029e-05,0.0026535931,0.00265337507827779,0.00265337507827779,0.00265043144477645,0.00265043144477645,0.00265043144477645,0.00264585039753201,0.00262909885033708,0.00262411974042158,0.00261726024996785,0.00261077550773151,0.00260580036221685,0.00259375386980768,0.00258160183153094,0.00257178806836401,0.00248447484345623,0.00238600756231469,0.0022114621041343,0.00168162141024631,0.00132001690011686,0
1276,0.299355,1.21542,0.000130081,0.031089359,0.0310868046688211,0.0310868046688211,0.0310523172115362,0.0310523172115362,0.0310523172115362,0.0309986458998425,0.0308023856425526,0.03074405064927,0.0306636852152201,0.0305877103118305,0.0305294217652623,0.0303882856855824,0.0302459130359975,0.0301309354962089,0.029107978286,0.0279543407320121,0.0259093752053872,0.0197017891421386,0.0154652494739303,0
369,0.797475,7.70666,4.9094e-06,0.0011733466,0.00117325019673211,0.00117325019673211,0.00117194860216569,0.00117194860216569,0.00117194860216569,0.00116992298783594,0.00116251590988344,0.00116031428308151,0.00115728120321647,0.00115441382680715,0.0011522139529553,0.00114688732209007,0.00114151402171667,0.00113717464291548,0.0010985671127781,0.00105502756274737,0.000977848314767938,0.000743567189784943,0.000583675523460871,0
371,0.752452,21.6015,4.07277e-05,0.0097339203,0.00973312055188955,0.00973312055188955,0.00972232270428642,0.00972232270428642,0.00972232270428642,0.00970551848936445,0.00964407040024438,0.00962580601031874,0.00960064400135239,0.00957685664522213,0.00955860679752672,0.00951441780826326,0.00946984165524707,0.00943384277188021,0.00911356006825533,0.00875236201313927,0.00811209369971364,0.00616853005161613,0.00484209101251829,0
739,0.148894,0.112823,0.000170866,0.040836974,0.0408336187955411,0.0408336187955411,0.0407883182991085,0.0407883182991085,0.0407883182991085,0.0407178191305609,0.0404600243325343,0.0403833992530666,0.0402778364094971,0.0401780406834298,0.0401014766133663,0.0399160893747182,0.0397290778577098,0.0395780507875496,0.0382343602664161,0.0367190164860047,0.0340328818493377,0.0258789977288047,0.0203141528479377,0
412,0.247821,27.1362,7.51409e-05,0.0179586751,0.0179571995982458,0.0179571995982458,0.0179372780218504,0.0179372780218504,0.0179372780218504,0.0179062749494198,0.0177929057996823,0.0177592087655517,0.0177127859133027,0.0176688992379381,0.0176352290336129,0.0175537021999506,0.0174714610653868,0.0174050446339364,0.0168141364656675,0.01614774118826,0.0149664729773793,0.0113806794824034,0.00893345503336883,0
362,0.571982,10.3735,6.82472e-05,0.0163110808,0.0163097406661539,0.0163097406661539,0.0162916467677766,0.0162916467677766,0.0162916467677766,0.0162634880301945,0.0161605197794022,0.0161299142339839,0.0160877503833778,0.0160478900315462,0.0160173088544692,0.0159432615896332,0.0158685655564635,0.015808242410474,0.0152715463109931,0.0146662885648617,0.0135933942045118,0.0103365744723777,0.00811386731265302,0
478,0.0951037,7.17608,4.91834e-05,0.0117548326,0.0117538668118211,0.0117538668118211,0.0117408271641659,0.0117408271641659,0.0117408271641659,0.0117205341345032,0.0116463284723512,0.0116242721127859,0.0115938860818587,0.0115651601029427,0.0115431213047993,0.0114897579983877,0.0114359271470444,0.0113924543390983,0.0110056759959691,0.0105694876419988,0.00979628973083419,0.00744921223002174,0.00584738394520418,0
399,0.0181242,11.5045,3.55209e-05,0.0084894951,0.00848879759504252,0.00848879759504252,0.00847938018956846,0.00847938018956846,0.00847938018956846,0.00846472429596726,0.0084111319883038,0.00839520259459609,0.00837325740239783,0.00835251112165113,0.00833659441103394,0.00829805472750827,0.00825917737686797,0.00822778074174775,0.00794844432237742,0.00763342334166965,0.00707500961503248,0.00537991929596936,0.00422305778736735,0
283,0.347546,23.4505,0.000112605,0.026912595,0.026910383835707,0.026910383835707,0.0268805296669385,0.0268805296669385,0.0268805296669385,0.0268340689382136,0.0266641756696184,0.026613677811218,0.0265441092370128,0.0264783413385789,0.0264278836869132,0.0263057088246939,0.0261824635221016,0.0260829328768276,0.0251974069610091,0.0241987572214868,0.0224285268025509,0.0170549116808028,0.0133875386644623,0
673,0.097303,10.8193,0.00018232,0.04357448,0.0435708998794556,0.0435708998794556,0.0435225626648571,0.0435225626648571,0.0435225626648571,0.043447337585499,0.0431722615166718,0.043090499876038,0.042977860628677,0.0428713750974619,0.0427896785559968,0.0425918638863122,0.0423923160547894,0.0422311648870228,0.040797400089971,0.0391804752597262,0.036314275624005,0.0276137959916875,0.0216759118094647,0
581,0.209758,22.0116,5.81423e-05,0.0138960097,0.0138948679906827,0.0138948679906827,0.0138794531331117,0.0138794531331117,0.0138794531331117,0.0138554636688095,0.0137677412285037,0.0137416672386056,0.0137057463033717,0.0136717878034728,0.013645734573861,0.0135826509852848,0.0135190146871017,0.0134676231801818,0.0130103920318732,0.0124947506948968,0.0115807125253049,0.00880610800069929,0.00691250201403817,0
666,0.0672155,1.90477,7.6177e-06,0.0018206303,0.00182048071529031,0.00182048071529031,0.00181846108826284,0.00181846108826284,0.00181846108826284,0.00181531803162053,0.00180382479462237,0.00180040862717033,0.0017957023305785,0.0017912531487491,0.00178783970127258,0.0017795746024943,0.00177123708869334,0.0017645038655105,0.00170459825946343,0.00163703985512295,0.00151728421139197,0.00115376049652193,0.000905663632025884,0
408,0.886174,31.4358,5.27944e-05,0.0126178616,0.0126168249045411,0.0126168249045411,0.0126028278979461,0.0126028278979461,0.0126028278979461,0.0125810449727066,0.0125013911990773,0.0124777154818753,0.0124450985364997,0.0124142635226275,0.0123906066561909,0.0123333254648943,0.012275542401947,0.0122288778604182,0.0118137026070095,0.0113454897052001,0.0105155243144141,0.00799612654181411,0.00627669349733218,0
636,0.385621,16.4788,3.09643e-05,0.0074004677,0.00739985967056508,0.00739985967056508,0.00739165032428386,0.00739165032428386,0.00739165032428386,0.00737887448002778,0.0073321569618291,0.00731827098130542,0.0072991409053562,0.00728105594520809,0.00726718102079559,0.00723358518503147,0.00719969499789005,0.00717232590451536,0.00692882259546889,0.00665421231946435,0.00616743157472784,0.00468978643717316,0.0036813264372631,0
402,0.362555,41.9422,1.39865e-05,0.0033427735,0.00334249885456343,0.00334249885456343,0.00333879071254949,0.00333879071254949,0.00333879071254949,0.00333301989435926,0.00331191770350445,0.00330564543942631,0.00329700443002957,0.00328883549693205,0.0032825682268728,0.00326739306848347,0.00325208495228341,0.00323972239848807,0.00312973253816575,0.00300569173552085,0.00278581404132924,0.00211836527883796,0.00166284631704189,0
442,0.284781,32.1112,1.03514e-05,0.0024739846,0.00247378133508225,0.00247378133508225,0.00247103694147105,0.00247103694147105,0.00247103694147105,0.00246676596249744,0.00245114824409652,0.00244650614533139,0.00244011093962092,0.00243406511728756,0.00242942671459272,0.00241819558925391,0.0024068660619216,0.00239771654350333,0.0023163131159024,0.00222451059457838,0.0020617792490913,0.00156780083275754,0.00123067153084957,0
403,0.830729,5.57727,5.1953e-06,0.0012416767,0.00124157468266639,0.00124157468266639,0.00124019728945114,0.00124019728945114,0.00124019728945114,0.00123805371302075,0.00123021528223763,0.00122788544320963,0.00122467573126462,0.00122164137255289,0.00121931338855841,0.00121367656016102,0.00120799034444629,0.00120339826095628,0.00116254241272173,0.00111646732731931,0.0010347935286825,0.000786868990322588,0.000617665997277929,0
510,0.449444,37.8501,3.5827e-06,0.0008562653,0.000856194948432017,0.000856194948432017,0.000855245092471388,0.000855245092471388,0.000855245092471388,0.000853766873450895,0.000848361459717969,0.000846754793252969,0.000844541362847526,0.000842448856744607,0.000840843469518263,0.000836956289740515,0.000833035052267957,0.000829868332825453,0.00080169397379519,0.00076992040759665,0.000713597824035338,0.000542628054516339,0.000425944982666571,0
3270,0.0627041,2.96901,0.000180725,0.043193275,0.0431897261996194,0.0431897261996194,0.0431418118561117,0.0431418118561117,0.0431418118561117,0.0430672448724183,0.0427945752665671,0.0427135289057535,0.0426018750664636,0.0424963211084292,0.0424153392772736,0.0422192551604529,0.0420214530441082,0.041861711683892,0.0404404899696139,0.038837710571051,0.0359965854659297,0.0273722207141165,0.021486283247946,0
365,0.911033,2.08064,0.000242698,0.058004822,0.0580000562688904,0.0580000562688904,0.0579357114613618,0.0579357114613618,0.0579357114613618,0.0578355744697533,0.0574694028388176,0.0573605646057189,0.0572106231837354,0.0570688733732109,0.0569601217978462,0.0566967978361135,0.0564311667500289,0.0562166479582638,0.0543080704642156,0.0521556767473949,0.0483402921533281,0.0367585183171927,0.0288542148109558,0
545,0.806675,12.9315,9.24352e-05,0.0220920128,0.0220901976993059,0.0220901976993059,0.0220656910072323,0.0220656910072323,0.0220656910072323,0.0220275523211009,0.0218880903233099,0.0218466376378979,0.021789530182009,0.0217355426251037,0.0216941229445989,0.0215938320354544,0.0214926624231443,0.0214109597003342,0.0206840491267907,0.0198642774612102,0.0184111305954368,0.0140000370516171,0.0109895636424431,0
354,0.441317,20.1712,0.000100126,0.023930114,0.0239281478791705,0.0239281478791705,0.0239016021795825,0.0239016021795825,0.0239016021795825,0.0238602902758099,0.0237092247510876,0.0236643231164336,0.0236024642019905,0.0235439847685853,0.0234991188849152,0.0233904835645069,0.0232808964310105,0.0231923958725211,0.0224050048344034,0.0215170264691496,0.0199429747758289,0.0151648691172867,0.0119039180881662,0
510,0.155794,14.476,0.000162295,0.038788505,0.0387853180996942,0.0387853180996942,0.0387422899719887,0.0387422899719887,0.0387422899719887,0.0386753271908653,0.0384304639252318,0.0383576825218385,0.0382574149338039,0.0381626251724582,0.0380899017181083,0.0379138138955081,0.0377361832717861,0.0375927320389391,0.0363164438767104,0.0348771129457946,0.0323257205045958,0.024580852459801,0.0192951519697075,0
380,0.165201,19.0615,0.000161926,0.038700314,0.0386971343455502,0.0386971343455502,0.03865420404821,0.03865420404821,0.03865420404821,0.0385873935161776,0.0383430869808502,0.0382704710559858,0.0381704314401006,0.0380758571963121,0.0380032990887359,0.0378276116260147,0.037650384869942,0.0375072597931991,0.0362338734476121,0.0347978150334929,0.0322522235338561,0.024524964511573,0.0192512817883906,0
446,0.17666,12.8527,1.939e-07,4.63421e-05,4.63382924891753e-05,4.63382924891753e-05,4.62868851509203e-05,4.62868851509203e-05,4.62868851509203e-05,4.62068821732572e-05,4.59143347305982e-05,4.58273800239347e-05,4.57075865286335e-05,4.55943376009097e-05,4.55074521281691e-05,4.52970733191967e-05,4.50848512671329e-05,4.49134646313829e-05,4.33886346941936e-05,4.16690113693556e-05,3.86207659252664e-05,2.93676779442091e-05,2.30526508329048e-05,0
784,0.532121,16.5584,2.7785e-06,0.0006640615,0.000664006940078254,0.000664006940078254,0.000663270295986756,0.000663270295986756,0.000663270295986756,0.000662123889212971,0.000657931815621285,0.000656685793690059,0.000654969206651925,0.000653346400330726,0.00065210137049055,0.000649086736551769,0.000646045689766522,0.000643589796174818,0.000621739667343048,0.00059709823666712,0.000553418247154991,0.000420825648107195,0.000330334143059443,0
647,0.282966,23.0691,2.55943e-05,0.0061170377,0.00611653511838937,0.00611653511838937,0.00610974948230118,0.00610974948230118,0.00610974948230118,0.00609918929554923,0.00606057378749536,0.00604909599044142,0.00603328355796702,0.00601833499153669,0.00600686633318204,0.00597909687289075,0.00595108410926446,0.0059284615152914,0.00572718789558329,0.00550020205100928,0.00509784151274393,0.00387645775970847,0.0030428904652533,0
860,0.174835,11.4311,2.12346e-05,0.0050750694,0.0050746524274917,0.0050746524274917,0.00506902264788928,0.00506902264788928,0.00506902264788928,0.00506026126970731,0.0050282234774129,0.00501870079348243,0.00500558183032966,0.00499317958339494,0.00498366448148952,0.00496062523519244,0.00493738412953615,0.00491861503899723,0.00475162610767057,0.00456330473864734,0.00422948177471203,0.00321614695241931,0.00252456843412275,0
599,0.833091,4.98191,9.8519e-06,0.0023546041,0.00235441064349719,0.00235441064349719,0.00235179867879501,0.00235179867879501,0.00235179867879501,0.00234773379310321,0.00233286969743363,0.00232845160009181,0.00232236499082746,0.0023166109056751,0.00231219632605213,0.00230150715128104,0.00229072432283995,0.0022820163084163,0.00220454094968399,0.00211716829865784,0.00196228944723637,0.00149214763454644,0.00117128628540843,0
411,0.428036,11.5231,1.96157e-05,0.0046881523,0.00468776711696707,0.00468776711696707,0.0046825665448938,0.0046825665448938,0.0046825665448938,0.00467447312349645,0.00464487785340379,0.0046360811672795,0.00462396237787373,0.00461250566311586,0.00460371598097228,0.00458243321870741,0.00456096398659462,0.00454362582862206,0.00438936792971064,0.00421540395212929,0.00390703124373517,0.00297095183213112,0.00233209841641573,0
633,0.950052,42.3086,3.43088e-05,0.0081998032,0.00819912949640338,0.00819912949640338,0.00819003344644607,0.00819003344644607,0.00819003344644607,0.00817587766429008,0.00812411411761294,0.00810872829172341,0.00808753194787819,0.00806749360434292,0.00805212002875155,0.00801489545690384,0.0079773447403497,0.00794701947057859,0.00767721500771608,0.00737294366822562,0.0068335850127735,0.00519633723080084,0.00407895196955113,0
457,0.44628,21.7514,8.78088e-05,0.0209863032,0.0209845789454538,0.0209845789454538,0.0209612988181544,0.0209612988181544,0.0209612988181544,0.0209250689807896,0.0207925870835078,0.0207532091131804,0.0206989598967276,0.0206476744276986,0.0206083278103763,0.0205130564810246,0.0204169504277742,0.0203393369423629,0.0196488083864647,0.0188700664545099,0.0174896498761142,0.0132993324345924,0.0104395338135966,0
