IUID,Endemicity,Prev_Year2000,Prev_Year2001,Prev_Year2002,Prev_Year2003,Prev_Year2004,Prev_Year2005,Prev_Year2006,Prev_Year2007,Prev_Year2008,Prev_Year2009,Prev_Year2010,Prev_Year2011,Prev_Year2012,Prev_Year2013,Prev_Year2014,Prev_Year2015,Prev_Year2016,Prev_Year2017,Prev_Year2018,Prev_Year2019
NGA37048,Unknown,NA,NA,NA,NA,NA,NA,NA,NA,NA,NA,NA,NA,NA,0.2980251871490955,0.14254926108374386,0.07190101493898962,0.04771390627964332,0.03206425702811245,0.025316906423586385,0.01949325145914397
NGA37089,Unknown,NA,NA,NA,NA,NA,NA,NA,NA,NA,NA,NA,NA,NA,0.2980251871490955,0.14254926108374386,0.07190101493898962,0.04771390627964332,0.03206425702811245,0.025316906423586385,0.01949325145914397
NGA37090,Unknown,NA,NA,NA,NA,NA,NA,NA,NA,NA,NA,NA,NA,NA,0.2980251871490955,0.14254926108374386,0.07190101493898962,0.04771390627964332,0.03206425702811245,0.025316906423586385,0.01949325145914397
NGA37096,Unknown,NA,NA,NA,NA,NA,NA,NA,NA,NA,NA,NA,NA,NA,0.2980251871490955,0.14254926108374386,0.07190101493898962,0.04771390627964332,0.03206425702811245,0.025316906423586385,0.01949325145914397
ETH19123,Unknown,NA,NA,NA,NA,NA,NA,NA,NA,NA,NA,NA,NA,NA,NA,NA,0.346940815782458,0.1637162625444119,0.08661076853662206,0.06566654689184333,0.05337465564738292
ETH19124,Unknown,NA,NA,NA,NA,NA,NA,NA,NA,NA,NA,NA,NA,NA,NA,NA,0.346940815782458,0.1637162625444119,0.08661076853662206,0.06566654689184333,0.05337465564738292
ETH19129,Unknown,NA,NA,NA,NA,NA,NA,NA,NA,NA,NA,NA,NA,NA,NA,NA,0.346940815782458,0.1637162625444119,0.08661076853662206,0.06566654689184333,0.05337465564738292
ETH19130,Unknown,NA,NA,NA,NA,NA,NA,NA,NA,NA,NA,NA,NA,NA,NA,NA,0.346940815782458,0.1637162625444119,0.08661076853662206,0.06566654689184333,0.05337465564738292
ETH19139,Unknown,NA,NA,NA,NA,NA,NA,NA,NA,NA,NA,NA,NA,NA,NA,NA,0.346940815782458,0.1637162625444119,0.08661076853662206,0.06566654689184333,0.05337465564738292
ETH19142,Unknown,NA,NA,NA,NA,NA,NA,NA,NA,NA,NA,NA,NA,NA,NA,NA,0.346940815782458,0.1637162625444119,0.08661076853662206,0.06566654689184333,0.05337465564738292
ETH19144,Unknown,NA,NA,NA,NA,NA,NA,NA,NA,NA,NA,NA,NA,NA,NA,NA,0.346940815782458,0.1637162625444119,0.08661076853662206,0.06566654689184333,0.05337465564738292
ETH19146,Unknown,NA,NA,NA,NA,NA,NA,NA,NA,NA,NA,NA,NA,NA,NA,NA,0.346940815782458,0.1637162625444119,0.08661076853662206,0.06566654689184333,0.05337465564738292
ETH19152,Unknown,NA,NA,NA,NA,NA,NA,NA,NA,NA,NA,NA,NA,NA,NA,NA,0.346940815782458,0.1637162625444119,0.08661076853662206,0.06566654689184333,0.05337465564738292
ETH19162,Unknown,NA,NA,NA,NA,NA,NA,NA,NA,NA,NA,NA,NA,NA,NA,NA,0.346940815782458,0.1637162625444119,0.08661076853662206,0.06566654689184333,0.05337465564738292
ETH19165,Unknown,NA,NA,NA,NA,NA,NA,NA,NA,NA,NA,NA,NA,NA,NA,NA,0.346940815782458,0.1637162625444119,0.08661076853662206,0.06566654689184333,0.05337465564738292
ETH19202,Unknown,NA,NA,NA,NA,NA,NA,NA,NA,NA,NA,NA,NA,NA,NA,NA,0.346940815782458,0.1637162625444119,0.08661076853662206,0.06566654689184333,0.05337465564738292
ETH19217,Unknown,NA,NA,NA,NA,NA,NA,NA,NA,NA,NA,NA,NA,NA,NA,NA,0.346940815782458,0.1637162625444119,0.08661076853662206,0.06566654689184333,0.05337465564738292
ETH19227,Unknown,NA,NA,NA,NA,NA,NA,NA,NA,NA,NA,NA,NA,NA,NA,NA,0.346940815782458,0.1637162625444119,0.08661076853662206,0.06566654689184333,0.05337465564738292
ETH19244,Unknown,NA,NA,NA,NA,NA,NA,NA,NA,NA,NA,NA,NA,NA,NA,NA,0.346940815782458,0.1637162625444119,0.08661076853662206,0.06566654689184333,0.05337465564738292
ETH19267,Unknown,NA,NA,NA,NA,NA,NA,NA,NA,NA,NA,NA,NA,NA,NA,NA,0.346940815782458,0.1637162625444119,0.08661076853662206,0.06566654689184333,0.05337465564738292
TCD10727,Unknown,NA,NA,NA,NA,NA,NA,NA,NA,NA,NA,NA,NA,NA,NA,0.2847301752559431,0.1358047690014903,0.06948734334504916,0.036364972083455765,0.026735874744724303,0.01705764684488089
TCD10728,Unknown,NA,NA,NA,NA,NA,NA,NA,NA,NA,NA,NA,NA,NA,NA,0.2847301752559431,0.1358047690014903,0.06948734334504916,0.036364972083455765,0.026735874744724303,0.01705764684488089
TCD10730,Unknown,NA,NA,NA,NA,NA,NA,NA,NA,NA,NA,NA,NA,NA,NA,0.2847301752559431,0.1358047690014903,0.06948734334504916,0.036364972083455765,0.026735874744724303,0.01705764684488089
TCD10732,Unknown,NA,NA,NA,NA,NA,NA,NA,NA,NA,NA,NA,NA,NA,NA,0.2847301752559431,0.1358047690014903,0.06948734334504916,0.036364972083455765,0.026735874744724303,0.01705764684488089
NGA36442,Unknown,NA,NA,NA,NA,NA,NA,NA,NA,NA,NA,NA,NA,NA,NA,NA,NA,NA,0.17528899898373984,0.07707157707157708,0.01904768815487766
NGA36443,Unknown,NA,NA,NA,NA,NA,NA,NA,NA,NA,NA,NA,NA,NA,NA,NA,NA,NA,0.17528899898373984,0.07707157707157708,0.01904768815487766
NGA36461,Unknown,NA,NA,NA,NA,NA,NA,NA,NA,NA,NA,NA,NA,NA,NA,NA,NA,NA,0.17528899898373984,0.07707157707157708,0.01904768815487766
NGA36475,Unknown,NA,NA,NA,NA,NA,NA,NA,NA,NA,NA,NA,NA,NA,NA,NA,NA,NA,0.17528899898373984,0.07707157707157708,0.01904768815487766
NGA36551,Unknown,NA,NA,NA,NA,NA,NA,NA,NA,NA,NA,NA,NA,NA,NA,NA,NA,NA,0.17528899898373984,0.07707157707157708,0.01904768815487766
NGA36552,Unknown,NA,NA,NA,NA,NA,NA,NA,NA,NA,NA,NA,NA,NA,NA,NA,NA,NA,0.17528899898373984,0.07707157707157708,0.01904768815487766
NGA36553,Unknown,NA,NA,NA,NA,NA,NA,NA,NA,NA,NA,NA,NA,NA,NA,NA,NA,NA,0.17528899898373984,0.07707157707157708,0.01904768815487766
NGA36554,Unknown,NA,NA,NA,NA,NA,NA,NA,NA,NA,NA,NA,NA,NA,NA,NA,NA,NA,0.17528899898373984,0.07707157707157708,0.01904768815487766
NGA36561,Unknown,NA,NA,NA,NA,NA,NA,NA,NA,NA,NA,NA,NA,NA,NA,NA,NA,NA,0.17528899898373984,0.07707157707157708,0.01904768815487766
NGA36686,Unknown,NA,NA,NA,NA,NA,NA,NA,NA,NA,NA,NA,NA,NA,NA,NA,NA,NA,0.17528899898373984,0.07707157707157708,0.01904768815487766
NGA36765,Unknown,NA,NA,NA,NA,NA,NA,NA,NA,NA,NA,NA,NA,NA,NA,NA,NA,NA,0.17528899898373984,0.07707157707157708,0.01904768815487766
NGA36766,Unknown,NA,NA,NA,NA,NA,NA,NA,NA,NA,NA,NA,NA,NA,NA,NA,NA,NA,0.17528899898373984,0.07707157707157708,0.01904768815487766
NGA36767,Unknown,NA,NA,NA,NA,NA,NA,NA,NA,NA,NA,NA,NA,NA,NA,NA,NA,NA,0.17528899898373984,0.07707157707157708,0.01904768815487766
NGA36768,Unknown,NA,NA,NA,NA,NA,NA,NA,NA,NA,NA,NA,NA,NA,NA,NA,NA,NA,0.17528899898373984,0.07707157707157708,0.01904768815487766
NGA36775,Unknown,NA,NA,NA,NA,NA,NA,NA,NA,NA,NA,NA,NA,NA,NA,NA,NA,NA,0.17528899898373984,0.07707157707157708,0.01904768815487766
NGA36780,Unknown,NA,NA,NA,NA,NA,NA,NA,NA,NA,NA,NA,NA,NA,NA,NA,NA,NA,0.17528899898373984,0.07707157707157708,0.01904768815487766
NGA36789,Unknown,NA,NA,NA,NA,NA,NA,NA,NA,NA,NA,NA,NA,NA,NA,NA,NA,NA,0.17528899898373984,0.07707157707157708,0.01904768815487766
NGA36790,Unknown,NA,NA,NA,NA,NA,NA,NA,NA,NA,NA,NA,NA,NA,NA,NA,NA,NA,0.17528899898373984,0.07707157707157708,0.01904768815487766
NGA36791,Unknown,NA,NA,NA,NA,NA,NA,NA,NA,NA,NA,NA,NA,NA,NA,NA,NA,NA,0.17528899898373984,0.07707157707157708,0.01904768815487766
NGA36793,Unknown,NA,NA,NA,NA,NA,NA,NA,NA,NA,NA,NA,NA,NA,NA,NA,NA,NA,0.17528899898373984,0.07707157707157708,0.01904768815487766
NGA36796,Unknown,NA,NA,NA,NA,NA,NA,NA,NA,NA,NA,NA,NA,NA,NA,NA,NA,NA,0.17528899898373984,0.07707157707157708,0.01904768815487766
NGA36797,Unknown,NA,NA,NA,NA,NA,NA,NA,NA,NA,NA,NA,NA,NA,NA,NA,NA,NA,0.17528899898373984,0.07707157707157708,0.01904768815487766
NGA36799,Unknown,NA,NA,NA,NA,NA,NA,NA,NA,NA,NA,NA,NA,NA,NA,NA,NA,NA,0.17528899898373984,0.07707157707157708,0.01904768815487766
NGA36894,Unknown,NA,NA,NA,NA,NA,NA,NA,NA,NA,NA,NA,NA,NA,NA,NA,NA,NA,0.17528899898373984,0.07707157707157708,0.01904768815487766
NGA37062,Unknown,NA,NA,NA,NA,NA,NA,NA,NA,NA,NA,NA,NA,NA,NA,NA,NA,NA,0.17528899898373984,0.07707157707157708,0.01904768815487766
NGA37066,Unknown,NA,NA,NA,NA,NA,NA,NA,NA,NA,NA,NA,NA,NA,NA,NA,NA,NA,0.17528899898373984,0.07707157707157708,0.01904768815487766
NGA37067,Unknown,NA,NA,NA,NA,NA,NA,NA,NA,NA,NA,NA,NA,NA,NA,NA,NA,NA,0.17528899898373984,0.07707157707157708,0.01904768815487766
NGA37076,Unknown,NA,NA,NA,NA,NA,NA,NA,NA,NA,NA,NA,NA,NA,NA,NA,NA,NA,0.17528899898373984,0.07707157707157708,0.01904768815487766
NGA37082,Unknown,NA,NA,NA,NA,NA,NA,NA,NA,NA,NA,NA,NA,NA,NA,NA,NA,NA,0.17528899898373984,0.07707157707157708,0.01904768815487766
NGA37084,Unknown,NA,NA,NA,NA,NA,NA,NA,NA,NA,NA,NA,NA,NA,NA,NA,NA,NA,0.17528899898373984,0.07707157707157708,0.01904768815487766
NGA37085,Unknown,NA,NA,NA,NA,NA,NA,NA,NA,NA,NA,NA,NA,NA,NA,NA,NA,NA,0.17528899898373984,0.07707157707157708,0.01904768815487766
NGA37086,Unknown,NA,NA,NA,NA,NA,NA,NA,NA,NA,NA,NA,NA,NA,NA,NA,NA,NA,0.17528899898373984,0.07707157707157708,0.01904768815487766
NGA37093,Unknown,NA,NA,NA,NA,NA,NA,NA,NA,NA,NA,NA,NA,NA,NA,NA,NA,NA,0.17528899898373984,0.07707157707157708,0.01904768815487766
ETH19163,Unknown,NA,NA,NA,NA,NA,NA,NA,NA,NA,0.3402947331705616,0.15768432812001276,0.08334298046868541,0.058700467634752646,0.044000704011264186,0.038921147858284946,0.03600057600921615,0.033095392602206355,0.043298564952108265,0.04834047269568342,0.05511590229312063
ETH19164,Unknown,NA,NA,NA,NA,NA,NA,NA,NA,NA,0.3402947331705616,0.15768432812001276,0.08334298046868541,0.058700467634752646,0.044000704011264186,0.038921147858284946,0.03600057600921615,0.033095392602206355,0.043298564952108265,0.04834047269568342,0.05511590229312063
ETH19196,Unknown,NA,NA,NA,NA,NA,NA,NA,NA,NA,0.3402947331705616,0.15768432812001276,0.08334298046868541,0.058700467634752646,0.044000704011264186,0.038921147858284946,0.03600057600921615,0.033095392602206355,0.043298564952108265,0.04834047269568342,0.05511590229312063
ETH19206,Unknown,NA,NA,NA,NA,NA,NA,NA,NA,NA,0.3402947331705616,0.15768432812001276,0.08334298046868541,0.058700467634752646,0.044000704011264186,0.038921147858284946,0.03600057600921615,0.033095392602206355,0.043298564952108265,0.04834047269568342,0.05511590229312063
ETH19215,Unknown,NA,NA,NA,NA,NA,NA,NA,NA,NA,0.3402947331705616,0.15768432812001276,0.08334298046868541,0.058700467634752646,0.044000704011264186,0.038921147858284946,0.03600057600921615,0.033095392602206355,0.043298564952108265,0.04834047269568342,0.05511590229312063
ETH18532,Unknown,NA,NA,NA,NA,NA,NA,NA,0.3490972762645914,0.16153089334907517,0.09126229706077615,0.05821230982019363,0.04167204787119548,0.039688164422395464,0.03312757201646091,0.03150045731471003,0.03756521739130435,0.047111133524971836,0.05929224279353176,0.06921149026412185,0.0788788398565414
ETH18548,Unknown,NA,NA,NA,NA,NA,NA,NA,0.3490972762645914,0.16153089334907517,0.09126229706077615,0.05821230982019363,0.04167204787119548,0.039688164422395464,0.03312757201646091,0.03150045731471003,0.03756521739130435,0.047111133524971836,0.05929224279353176,0.06921149026412185,0.0788788398565414
ETH18550,Unknown,NA,NA,NA,NA,NA,NA,NA,0.3490972762645914,0.16153089334907517,0.09126229706077615,0.05821230982019363,0.04167204787119548,0.039688164422395464,0.03312757201646091,0.03150045731471003,0.03756521739130435,0.047111133524971836,0.05929224279353176,0.06921149026412185,0.0788788398565414
ETH18556,Unknown,NA,NA,NA,NA,NA,NA,NA,0.3490972762645914,0.16153089334907517,0.09126229706077615,0.05821230982019363,0.04167204787119548,0.039688164422395464,0.03312757201646091,0.03150045731471003,0.03756521739130435,0.047111133524971836,0.05929224279353176,0.06921149026412185,0.0788788398565414
ETH18558,Unknown,NA,NA,NA,NA,NA,NA,NA,0.3490972762645914,0.16153089334907517,0.09126229706077615,0.05821230982019363,0.04167204787119548,0.039688164422395464,0.03312757201646091,0.03150045731471003,0.03756521739130435,0.047111133524971836,0.05929224279353176,0.06921149026412185,0.0788788398565414
ETH18559,Unknown,NA,NA,NA,NA,NA,NA,NA,0.3490972762645914,0.16153089334907517,0.09126229706077615,0.05821230982019363,0.04167204787119548,0.039688164422395464,0.03312757201646091,0.03150045731471003,0.03756521739130435,0.047111133524971836,0.05929224279353176,0.06921149026412185,0.0788788398565414
ETH18560,Unknown,NA,NA,NA,NA,NA,NA,NA,0.3490972762645914,0.16153089334907517,0.09126229706077615,0.05821230982019363,0.04167204787119548,0.039688164422395464,0.03312757201646091,0.03150045731471003,0.03756521739130435,0.047111133524971836,0.05929224279353176,0.06921149026412185,0.0788788398565414
ETH18563,Unknown,NA,NA,NA,NA,NA,NA,NA,0.3490972762645914,0.16153089334907517,0.09126229706077615,0.05821230982019363,0.04167204787119548,0.039688164422395464,0.03312757201646091,0.03150045731471003,0.03756521739130435,0.047111133524971836,0.05929224279353176,0.06921149026412185,0.0788788398565414
ETH18576,Unknown,NA,NA,NA,NA,NA,NA,NA,0.3490972762645914,0.16153089334907517,0.09126229706077615,0.05821230982019363,0.04167204787119548,0.039688164422395464,0.03312757201646091,0.03150045731471003,0.03756521739130435,0.047111133524971836,0.05929224279353176,0.06921149026412185,0.0788788398565414
ETH18581,Unknown,NA,NA,NA,NA,NA,NA,NA,0.3490972762645914,0.16153089334907517,0.09126229706077615,0.05821230982019363,0.04167204787119548,0.039688164422395464,0.03312757201646091,0.03150045731471003,0.03756521739130435,0.047111133524971836,0.05929224279353176,0.06921149026412185,0.0788788398565414
ETH18599,Unknown,NA,NA,NA,NA,NA,NA,NA,0.3490972762645914,0.16153089334907517,0.09126229706077615,0.05821230982019363,0.04167204787119548,0.039688164422395464,0.03312757201646091,0.03150045731471003,0.03756521739130435,0.047111133524971836,0.05929224279353176,0.06921149026412185,0.0788788398565414
ETH18604,Unknown,NA,NA,NA,NA,NA,NA,NA,0.3490972762645914,0.16153089334907517,0.09126229706077615,0.05821230982019363,0.04167204787119548,0.039688164422395464,0.03312757201646091,0.03150045731471003,0.03756521739130435,0.047111133524971836,0.05929224279353176,0.06921149026412185,0.0788788398565414
ETH18605,Unknown,NA,NA,NA,NA,NA,NA,NA,0.3490972762645914,0.16153089334907517,0.09126229706077615,0.05821230982019363,0.04167204787119548,0.039688164422395464,0.03312757201646091,0.03150045731471003,0.03756521739130435,0.047111133524971836,0.05929224279353176,0.06921149026412185,0.0788788398565414
ETH18625,Unknown,NA,NA,NA,NA,NA,NA,NA,0.3490972762645914,0.16153089334907517,0.09126229706077615,0.05821230982019363,0.04167204787119548,0.039688164422395464,0.03312757201646091,0.03150045731471003,0.03756521739130435,0.047111133524971836,0.05929224279353176,0.06921149026412185,0.0788788398565414
ETH18626,Unknown,NA,NA,NA,NA,NA,NA,NA,0.3490972762645914,0.16153089334907517,0.09126229706077615,0.05821230982019363,0.04167204787119548,0.039688164422395464,0.03312757201646091,0.03150045731471003,0.03756521739130435,0.047111133524971836,0.05929224279353176,0.06921149026412185,0.0788788398565414
ETH18632,Unknown,NA,NA,NA,NA,NA,NA,NA,0.3490972762645914,0.16153089334907517,0.09126229706077615,0.05821230982019363,0.04167204787119548,0.039688164422395464,0.03312757201646091,0.03150045731471003,0.03756521739130435,0.047111133524971836,0.05929224279353176,0.06921149026412185,0.0788788398565414
ETH18655,Unknown,NA,NA,NA,NA,NA,NA,NA,0.3490972762645914,0.16153089334907517,0.09126229706077615,0.05821230982019363,0.04167204787119548,0.039688164422395464,0.03312757201646091,0.03150045731471003,0.03756521739130435,0.047111133524971836,0.05929224279353176,0.06921149026412185,0.0788788398565414
ETH18672,Unknown,NA,NA,NA,NA,NA,NA,NA,0.3490972762645914,0.16153089334907517,0.09126229706077615,0.05821230982019363,0.04167204787119548,0.039688164422395464,0.03312757201646091,0.03150045731471003,0.03756521739130435,0.047111133524971836,0.05929224279353176,0.06921149026412185,0.0788788398565414
ETH18675,Unknown,NA,NA,NA,NA,NA,NA,NA,0.3490972762645914,0.16153089334907517,0.09126229706077615,0.05821230982019363,0.04167204787119548,0.039688164422395464,0.03312757201646091,0.03150045731471003,0.03756521739130435,0.047111133524971836,0.05929224279353176,0.06921149026412185,0.0788788398565414
ETH18680,Unknown,NA,NA,NA,NA,NA,NA,NA,0.3490972762645914,0.16153089334907517,0.09126229706077615,0.05821230982019363,0.04167204787119548,0.039688164422395464,0.03312757201646091,0.03150045731471003,0.03756521739130435,0.047111133524971836,0.05929224279353176,0.06921149026412185,0.0788788398565414
MOZ33240,Unknown,NA,NA,NA,NA,NA,NA,NA,NA,NA,NA,NA,NA,NA,NA,NA,NA,NA,0.19532996754417598,0.08932072512291497,0.0289275956284153
MOZ33253,Unknown,NA,NA,NA,NA,NA,NA,NA,NA,NA,NA,NA,NA,NA,NA,NA,NA,NA,0.19532996754417598,0.08932072512291497,0.0289275956284153
ETH18542,Unknown,NA,NA,NA,NA,NA,NA,0.3501054852320675,0.16302251312211472,0.08659830629527598,0.05882352941176471,0.04471618606956952,0.034384847689075626,0.032129032258064516,0.032215200129638626,0.028398617511520736,0.031190150478796162,0.03279569892473118,0.03860409560516692,0.04642916363729129,0.06156727510553541
ETH18587,Unknown,NA,NA,NA,NA,NA,NA,0.3501054852320675,0.16302251312211472,0.08659830629527598,0.05882352941176471,0.04471618606956952,0.034384847689075626,0.032129032258064516,0.032215200129638626,0.028398617511520736,0.031190150478796162,0.03279569892473118,0.03860409560516692,0.04642916363729129,0.06156727510553541
ETH18621,Unknown,NA,NA,NA,NA,NA,NA,0.3501054852320675,0.16302251312211472,0.08659830629527598,0.05882352941176471,0.04471618606956952,0.034384847689075626,0.032129032258064516,0.032215200129638626,0.028398617511520736,0.031190150478796162,0.03279569892473118,0.03860409560516692,0.04642916363729129,0.06156727510553541
NER35331,Unknown,NA,NA,NA,NA,NA,NA,NA,NA,NA,NA,NA,NA,0.32152269687672097,0.14340439469674313,0.07811894614490508,0.05143467643467643,0.0388814242526033,0.02783575245865351,0.027293041072568636,0.026373753767679108
KEN54051,Unknown,NA,NA,NA,NA,NA,NA,NA,NA,NA,NA,NA,NA,NA,NA,NA,NA,NA,0.22916666666666669,0.10125160462130936,0.033835064659741364
ETH18511,Unknown,NA,NA,NA,NA,NA,NA,NA,NA,NA,NA,NA,NA,NA,NA,NA,0.3489130434782608,0.15800719748088168,0.08316044260027662,0.060434782608695656,0.05429891873038019
ETH18689,Unknown,NA,NA,NA,NA,NA,NA,NA,NA,NA,NA,NA,NA,NA,NA,NA,0.3489130434782608,0.15800719748088168,0.08316044260027662,0.060434782608695656,0.05429891873038019
ETH18696,Unknown,NA,NA,NA,NA,NA,NA,NA,NA,NA,NA,NA,NA,NA,NA,NA,0.3489130434782608,0.15800719748088168,0.08316044260027662,0.060434782608695656,0.05429891873038019
ETH18714,Unknown,NA,NA,NA,NA,NA,NA,NA,NA,NA,NA,NA,NA,NA,NA,NA,0.3489130434782608,0.15800719748088168,0.08316044260027662,0.060434782608695656,0.05429891873038019
ETH18715,Unknown,NA,NA,NA,NA,NA,NA,NA,NA,NA,NA,NA,NA,NA,NA,NA,0.3489130434782608,0.15800719748088168,0.08316044260027662,0.060434782608695656,0.05429891873038019
ETH18716,Unknown,NA,NA,NA,NA,NA,NA,NA,NA,NA,NA,NA,NA,NA,NA,NA,0.3489130434782608,0.15800719748088168,0.08316044260027662,0.060434782608695656,0.05429891873038019
ETH18720,Unknown,NA,NA,NA,NA,NA,NA,NA,NA,NA,NA,NA,NA,NA,NA,NA,0.3489130434782608,0.15800719748088168,0.08316044260027662,0.060434782608695656,0.05429891873038019
ETH19204,Unknown,NA,NA,NA,NA,NA,NA,NA,NA,NA,NA,NA,NA,NA,NA,NA,0.3489130434782608,0.15800719748088168,0.08316044260027662,0.060434782608695656,0.05429891873038019
ETH19278,Unknown,NA,NA,NA,NA,NA,NA,NA,NA,NA,NA,NA,NA,NA,NA,NA,0.3489130434782608,0.15800719748088168,0.08316044260027662,0.060434782608695656,0.05429891873038019
ETH19281,Unknown,NA,NA,NA,NA,NA,NA,NA,NA,NA,NA,NA,NA,NA,NA,NA,0.3489130434782608,0.15800719748088168,0.08316044260027662,0.060434782608695656,0.05429891873038019
ETH19282,Unknown,NA,NA,NA,NA,NA,NA,NA,NA,NA,NA,NA,NA,NA,NA,NA,0.3489130434782608,0.15800719748088168,0.08316044260027662,0.060434782608695656,0.05429891873038019
ETH19289,Unknown,NA,NA,NA,NA,NA,NA,NA,NA,NA,NA,NA,NA,NA,NA,NA,0.3489130434782608,0.15800719748088168,0.08316044260027662,0.060434782608695656,0.05429891873038019
ETH19290,Unknown,NA,NA,NA,NA,NA,NA,NA,NA,NA,NA,NA,NA,NA,NA,NA,0.3489130434782608,0.15800719748088168,0.08316044260027662,0.060434782608695656,0.05429891873038019
ETH19291,Unknown,NA,NA,NA,NA,NA,NA,NA,NA,NA,NA,NA,NA,NA,NA,NA,0.3489130434782608,0.15800719748088168,0.08316044260027662,0.060434782608695656,0.05429891873038019
ETH19292,Unknown,NA,NA,NA,NA,NA,NA,NA,NA,NA,NA,NA,NA,NA,NA,NA,0.3489130434782608,0.15800719748088168,0.08316044260027662,0.060434782608695656,0.05429891873038019
ETH19300,Unknown,NA,NA,NA,NA,NA,NA,NA,NA,NA,NA,NA,NA,NA,NA,NA,0.3489130434782608,0.15800719748088168,0.08316044260027662,0.060434782608695656,0.05429891873038019
ETH19303,Unknown,NA,NA,NA,NA,NA,NA,NA,NA,NA,NA,NA,NA,NA,NA,NA,0.3489130434782608,0.15800719748088168,0.08316044260027662,0.060434782608695656,0.05429891873038019
ETH19307,Unknown,NA,NA,NA,NA,NA,NA,NA,NA,NA,NA,NA,NA,NA,NA,NA,0.3489130434782608,0.15800719748088168,0.08316044260027662,0.060434782608695656,0.05429891873038019
ETH19313,Unknown,NA,NA,NA,NA,NA,NA,NA,NA,NA,NA,NA,NA,NA,NA,NA,0.3489130434782608,0.15800719748088168,0.08316044260027662,0.060434782608695656,0.05429891873038019
ETH19319,Unknown,NA,NA,NA,NA,NA,NA,NA,NA,NA,NA,NA,NA,NA,NA,NA,0.3489130434782608,0.15800719748088168,0.08316044260027662,0.060434782608695656,0.05429891873038019
ETH19320,Unknown,NA,NA,NA,NA,NA,NA,NA,NA,NA,NA,NA,NA,NA,NA,NA,0.3489130434782608,0.15800719748088168,0.08316044260027662,0.060434782608695656,0.05429891873038019
ETH19322,Unknown,NA,NA,NA,NA,NA,NA,NA,NA,NA,NA,NA,NA,NA,NA,NA,0.3489130434782608,0.15800719748088168,0.08316044260027662,0.060434782608695656,0.05429891873038019
ETH19324,Unknown,NA,NA,NA,NA,NA,NA,NA,NA,NA,NA,NA,NA,NA,NA,NA,0.3489130434782608,0.15800719748088168,0.08316044260027662,0.060434782608695656,0.05429891873038019
ETH19326,Unknown,NA,NA,NA,NA,NA,NA,NA,NA,NA,NA,NA,NA,NA,NA,NA,0.3489130434782608,0.15800719748088168,0.08316044260027662,0.060434782608695656,0.05429891873038019
TZA46471,Unknown,NA,NA,NA,NA,NA,0.28630282135627527,0.1312108361288689,0.0649878576707845,0.0404222871770665,0.03023772204806688,0.02506541077969649,0.02132283407288863,0.021834061135371174,0.020454089144692815,0.016294968803929378,0.016743729858483956,0.01805430631053407,0.019268466541922838,0.023575729504400185,0.01968625992063492
GMB47633,Unknown,NA,NA,NA,NA,NA,NA,NA,NA,NA,NA,NA,NA,NA,NA,NA,NA,0.28477606257787624,0.1262182059560088,0.05702671312427409,0.027505017755133553
TZZ51892,Unknown,NA,NA,NA,NA,NA,NA,NA,NA,NA,NA,NA,NA,NA,NA,NA,NA,0.28477606257787624,0.1262182059560088,0.05702671312427409,0.027505017755133553
ETH19049,Unknown,NA,NA,NA,NA,NA,NA,NA,NA,NA,NA,NA,NA,NA,NA,NA,NA,NA,0.288135593220339,0.12691790451739104,0.05543735224586288
ETH19050,Unknown,NA,NA,NA,NA,NA,NA,NA,NA,NA,NA,NA,NA,NA,NA,NA,NA,NA,0.288135593220339,0.12691790451739104,0.05543735224586288
ETH19055,Unknown,NA,NA,NA,NA,NA,NA,NA,NA,NA,NA,NA,NA,NA,NA,NA,NA,NA,0.288135593220339,0.12691790451739104,0.05543735224586288
ETH19070,Unknown,NA,NA,NA,NA,NA,NA,NA,NA,NA,NA,NA,NA,NA,NA,NA,NA,NA,0.288135593220339,0.12691790451739104,0.05543735224586288
ETH19100,Unknown,NA,NA,NA,NA,NA,NA,NA,NA,NA,NA,NA,NA,NA,NA,NA,NA,NA,0.288135593220339,0.12691790451739104,0.05543735224586288
ETH19103,Unknown,NA,NA,NA,NA,NA,NA,NA,NA,NA,NA,NA,NA,NA,NA,NA,NA,NA,0.288135593220339,0.12691790451739104,0.05543735224586288
ETH19297,Unknown,NA,NA,NA,NA,NA,NA,NA,NA,NA,NA,NA,NA,NA,NA,NA,NA,NA,0.288135593220339,0.12691790451739104,0.05543735224586288
ETH19325,Unknown,NA,NA,NA,NA,NA,NA,NA,NA,NA,NA,NA,NA,NA,NA,NA,NA,NA,0.288135593220339,0.12691790451739104,0.05543735224586288
ETH18580,Unknown,NA,NA,NA,NA,NA,NA,0.3474466709760827,0.16068169618894257,0.08243666704421038,0.06273786267274437,0.05029182879377432,0.03816034301431923,0.033410057892167125,0.03621862348178138,0.03861003861003861,0.042885153210116725,0.05773220419685066,0.07368783935189174,0.09073756432246999,0.1111111111111111
ETH18653,Unknown,NA,NA,NA,NA,NA,NA,0.3474466709760827,0.16068169618894257,0.08243666704421038,0.06273786267274437,0.05029182879377432,0.03816034301431923,0.033410057892167125,0.03621862348178138,0.03861003861003861,0.042885153210116725,0.05773220419685066,0.07368783935189174,0.09073756432246999,0.1111111111111111
TZA46465,Unknown,NA,NA,NA,NA,NA,NA,NA,NA,NA,NA,NA,NA,0.3113613920386829,0.13662288282060145,0.07500259063522376,0.04669260700389105,0.03333333333333333,0.024590576971529353,0.024144966964632728,0.018835665030222198
TZA46475,Unknown,NA,NA,NA,NA,NA,NA,NA,NA,NA,NA,NA,NA,0.3113613920386829,0.13662288282060145,0.07500259063522376,0.04669260700389105,0.03333333333333333,0.024590576971529353,0.024144966964632728,0.018835665030222198
ETH19295,Unknown,NA,NA,NA,NA,NA,NA,NA,NA,NA,NA,NA,NA,NA,0.35332964251819043,0.16454146876141762,0.08670090915598826,0.0609526020956085,0.05102211097204839,0.05082374368739134,0.055210357071079255
ETH19280,Unknown,NA,NA,NA,NA,NA,NA,NA,NA,NA,NA,NA,NA,NA,NA,0.3517331950346304,0.1602553564578881,0.07961336472292647,0.0562258064516129,0.055542372881355925,0.053568894565063155
ETH19286,Unknown,NA,NA,NA,NA,NA,NA,NA,NA,NA,NA,NA,NA,NA,NA,0.3517331950346304,0.1602553564578881,0.07961336472292647,0.0562258064516129,0.055542372881355925,0.053568894565063155
BEN03212,Unknown,NA,NA,NA,NA,NA,NA,NA,NA,NA,NA,NA,NA,NA,NA,NA,0.30864534790294074,0.14695214695214698,0.07314478788637216,0.04489795918367346,0.03017241379310345
BEN03217,Unknown,NA,NA,NA,NA,NA,NA,NA,NA,NA,NA,NA,NA,NA,NA,NA,0.30864534790294074,0.14695214695214698,0.07314478788637216,0.04489795918367346,0.03017241379310345
ETH18544,Unknown,NA,NA,NA,NA,0.3636363636363637,0.16397783352187956,0.08247457742407238,0.05250286925046349,0.04068367838228214,0.0331973070234344,0.03004513217279175,0.035173160173160176,0.03184534588917059,0.033769529022693576,0.04190073412065114,0.04069557362240289,0.0598715651135006,0.06842960189416883,0.07346818135087899,0.08163293404929092
ETH18575,Unknown,NA,NA,NA,NA,NA,NA,NA,0.36059785494318786,0.16672888949226178,0.0899623368660769,0.060536786262739076,0.048096385542168676,0.036133960047003526,0.03333564830891034,0.031132646880678377,0.03332613490875996,0.038232905635861625,0.04863636363636364,0.05848690868146121,0.05973143143700896
ETH18600,Unknown,NA,NA,NA,NA,NA,NA,NA,0.36059785494318786,0.16672888949226178,0.0899623368660769,0.060536786262739076,0.048096385542168676,0.036133960047003526,0.03333564830891034,0.031132646880678377,0.03332613490875996,0.038232905635861625,0.04863636363636364,0.05848690868146121,0.05973143143700896
ETH18647,Unknown,NA,NA,NA,NA,NA,NA,NA,0.36059785494318786,0.16672888949226178,0.0899623368660769,0.060536786262739076,0.048096385542168676,0.036133960047003526,0.03333564830891034,0.031132646880678377,0.03332613490875996,0.038232905635861625,0.04863636363636364,0.05848690868146121,0.05973143143700896
ETH18667,Unknown,NA,NA,NA,NA,NA,NA,NA,0.36059785494318786,0.16672888949226178,0.0899623368660769,0.060536786262739076,0.048096385542168676,0.036133960047003526,0.03333564830891034,0.031132646880678377,0.03332613490875996,0.038232905635861625,0.04863636363636364,0.05848690868146121,0.05973143143700896
ETH18545,Unknown,NA,NA,NA,NA,NA,NA,NA,NA,0.35301062573789843,0.16190130624092888,0.0865231259968102,0.06046116940550597,0.046365057650967365,0.03463203463203463,0.03354430379746835,0.044000000000000004,0.042065163347079645,0.04405882352941177,0.051661220043572986,0.057911127081087546
ETH18611,Unknown,NA,NA,NA,NA,NA,NA,NA,NA,0.35301062573789843,0.16190130624092888,0.0865231259968102,0.06046116940550597,0.046365057650967365,0.03463203463203463,0.03354430379746835,0.044000000000000004,0.042065163347079645,0.04405882352941177,0.051661220043572986,0.057911127081087546
ETH18637,Unknown,NA,NA,NA,NA,NA,NA,NA,NA,0.35301062573789843,0.16190130624092888,0.0865231259968102,0.06046116940550597,0.046365057650967365,0.03463203463203463,0.03354430379746835,0.044000000000000004,0.042065163347079645,0.04405882352941177,0.051661220043572986,0.057911127081087546
ETH18640,Unknown,NA,NA,NA,NA,NA,NA,NA,NA,0.35301062573789843,0.16190130624092888,0.0865231259968102,0.06046116940550597,0.046365057650967365,0.03463203463203463,0.03354430379746835,0.044000000000000004,0.042065163347079645,0.04405882352941177,0.051661220043572986,0.057911127081087546
ETH18642,Unknown,NA,NA,NA,NA,NA,NA,NA,NA,0.35301062573789843,0.16190130624092888,0.0865231259968102,0.06046116940550597,0.046365057650967365,0.03463203463203463,0.03354430379746835,0.044000000000000004,0.042065163347079645,0.04405882352941177,0.051661220043572986,0.057911127081087546
ETH18648,Unknown,NA,NA,NA,NA,NA,NA,NA,NA,0.35301062573789843,0.16190130624092888,0.0865231259968102,0.06046116940550597,0.046365057650967365,0.03463203463203463,0.03354430379746835,0.044000000000000004,0.042065163347079645,0.04405882352941177,0.051661220043572986,0.057911127081087546
ETH18654,Unknown,NA,NA,NA,NA,NA,NA,NA,NA,0.35301062573789843,0.16190130624092888,0.0865231259968102,0.06046116940550597,0.046365057650967365,0.03463203463203463,0.03354430379746835,0.044000000000000004,0.042065163347079645,0.04405882352941177,0.051661220043572986,0.057911127081087546
UGA49794,Unknown,NA,NA,NA,NA,NA,NA,NA,NA,NA,0.32057287854389305,0.14699879951980793,0.07142857142857142,0.04642183711951153,0.03219433198380567,0.025000434035313112,0.022382701619635997,0.0199601593625498,0.01976315460567429,0.019011681702521398,0.016597510373443983
ETH18645,Unknown,NA,NA,NA,NA,NA,NA,NA,0.33830461039917514,0.16525503482025222,0.08783309957924262,0.05499335327351279,0.0426414243858463,0.03447507428194123,0.027613519653916778,0.030710285882699674,0.02625833141806481,0.030828630828630826,0.038461538461538464,0.05166684824054908,0.057959857794698096
TZA46462,Unknown,NA,NA,NA,NA,NA,NA,NA,NA,0.30892318162987514,0.14786216085271317,0.058715794009911663,0.04280220445736434,0.028747554476151925,0.0240003840061441,0.02053604560941875,0.017317315441272935,0.020964452726697374,0.019920634920634922,0.020964452726697374,0.01976408093117725
TZA46522,Unknown,NA,NA,NA,NA,NA,NA,NA,NA,0.30892318162987514,0.14786216085271317,0.058715794009911663,0.04280220445736434,0.028747554476151925,0.0240003840061441,0.02053604560941875,0.017317315441272935,0.020964452726697374,0.019920634920634922,0.020964452726697374,0.01976408093117725
ETH19285,Unknown,NA,NA,NA,NA,NA,NA,NA,NA,NA,NA,NA,0.35098407586330294,0.15157961918944793,0.08219209558823529,0.05360847532564705,0.038232905635861625,0.03563492063492064,0.041135030021834065,0.04715145900880037,0.05512580030074256
ETH19288,Unknown,NA,NA,NA,NA,NA,NA,NA,NA,NA,NA,NA,0.35098407586330294,0.15157961918944793,0.08219209558823529,0.05360847532564705,0.038232905635861625,0.03563492063492064,0.041135030021834065,0.04715145900880037,0.05512580030074256
ETH19296,Unknown,NA,NA,NA,NA,NA,NA,NA,NA,NA,NA,NA,0.35098407586330294,0.15157961918944793,0.08219209558823529,0.05360847532564705,0.038232905635861625,0.03563492063492064,0.041135030021834065,0.04715145900880037,0.05512580030074256
NGA36784,Unknown,NA,NA,NA,NA,NA,NA,NA,NA,NA,NA,NA,NA,NA,NA,0.2947860962566845,0.1388910760121569,0.07514339207703052,0.04174588086185044,0.03382678967317457,0.020162601626016262
NGA36885,Unknown,NA,NA,NA,NA,NA,NA,NA,NA,NA,NA,NA,NA,NA,NA,0.2947860962566845,0.1388910760121569,0.07514339207703052,0.04174588086185044,0.03382678967317457,0.020162601626016262
NGA37088,Unknown,NA,NA,NA,NA,NA,NA,NA,NA,NA,NA,NA,NA,NA,NA,0.2947860962566845,0.1388910760121569,0.07514339207703052,0.04174588086185044,0.03382678967317457,0.020162601626016262
NGA37095,Unknown,NA,NA,NA,NA,NA,NA,NA,NA,NA,NA,NA,NA,NA,NA,0.2947860962566845,0.1388910760121569,0.07514339207703052,0.04174588086185044,0.03382678967317457,0.020162601626016262
ZWE52912,Unknown,NA,NA,NA,NA,NA,NA,NA,NA,NA,NA,NA,NA,NA,NA,NA,NA,NA,0.20591743782533256,0.09936149663757332,0.02800179211469534
ZWE52951,Unknown,NA,NA,NA,NA,NA,NA,NA,NA,NA,NA,NA,NA,NA,NA,NA,NA,NA,0.20591743782533256,0.09936149663757332,0.02800179211469534
ZWE52957,Unknown,NA,NA,NA,NA,NA,NA,NA,NA,NA,NA,NA,NA,NA,NA,NA,NA,NA,0.20591743782533256,0.09936149663757332,0.02800179211469534
ETH19120,Unknown,NA,NA,NA,NA,NA,NA,NA,NA,0.32916584922149494,0.1573214901690238,0.08422949105709272,0.05707571315556796,0.043638671797516564,0.03175053153791636,0.02755948229094009,0.030854753161974703,0.030710285882699674,0.03596976922766035,0.05068707627762745,0.05598507462686567
ETH19134,Unknown,NA,NA,NA,NA,NA,NA,NA,NA,0.32916584922149494,0.1573214901690238,0.08422949105709272,0.05707571315556796,0.043638671797516564,0.03175053153791636,0.02755948229094009,0.030854753161974703,0.030710285882699674,0.03596976922766035,0.05068707627762745,0.05598507462686567
ETH19154,Unknown,NA,NA,NA,NA,NA,NA,NA,NA,0.32916584922149494,0.1573214901690238,0.08422949105709272,0.05707571315556796,0.043638671797516564,0.03175053153791636,0.02755948229094009,0.030854753161974703,0.030710285882699674,0.03596976922766035,0.05068707627762745,0.05598507462686567
ETH19160,Unknown,NA,NA,NA,NA,NA,NA,NA,NA,0.32916584922149494,0.1573214901690238,0.08422949105709272,0.05707571315556796,0.043638671797516564,0.03175053153791636,0.02755948229094009,0.030854753161974703,0.030710285882699674,0.03596976922766035,0.05068707627762745,0.05598507462686567
ETH19210,Unknown,NA,NA,NA,NA,NA,NA,NA,NA,0.32916584922149494,0.1573214901690238,0.08422949105709272,0.05707571315556796,0.043638671797516564,0.03175053153791636,0.02755948229094009,0.030854753161974703,0.030710285882699674,0.03596976922766035,0.05068707627762745,0.05598507462686567
ETH19224,Unknown,NA,NA,NA,NA,NA,NA,NA,NA,0.32916584922149494,0.1573214901690238,0.08422949105709272,0.05707571315556796,0.043638671797516564,0.03175053153791636,0.02755948229094009,0.030854753161974703,0.030710285882699674,0.03596976922766035,0.05068707627762745,0.05598507462686567
MOZ33153,Unknown,NA,NA,NA,NA,NA,NA,NA,NA,NA,NA,NA,NA,NA,NA,NA,0.3053745325286037,0.13664654847227461,0.06546137207688854,0.0444446258325715,0.03174803149606299
MOZ33156,Unknown,NA,NA,NA,NA,NA,NA,NA,NA,NA,NA,NA,NA,NA,NA,NA,0.3053745325286037,0.13664654847227461,0.06546137207688854,0.0444446258325715,0.03174803149606299
MOZ33238,Unknown,NA,NA,NA,NA,NA,NA,NA,NA,NA,NA,NA,NA,NA,NA,NA,0.3053745325286037,0.13664654847227461,0.06546137207688854,0.0444446258325715,0.03174803149606299
MOZ33244,Unknown,NA,NA,NA,NA,NA,NA,NA,NA,NA,NA,NA,NA,NA,NA,NA,0.3053745325286037,0.13664654847227461,0.06546137207688854,0.0444446258325715,0.03174803149606299
MOZ33245,Unknown,NA,NA,NA,NA,NA,NA,NA,NA,NA,NA,NA,NA,NA,NA,NA,0.3053745325286037,0.13664654847227461,0.06546137207688854,0.0444446258325715,0.03174803149606299
SSD44327,Unknown,NA,NA,NA,NA,NA,NA,NA,NA,NA,NA,0.3149297423887588,0.1475448417301259,0.07823573627317632,0.04989626556016598,0.03198173515981735,0.027946895320668113,0.028112449799196783,0.02794511378848728,0.031132646880678377,0.029919447640966632
ETH19117,Unknown,NA,NA,NA,NA,NA,NA,NA,NA,NA,NA,NA,NA,NA,NA,0.33818181818181825,0.15779154087952446,0.0803485769107771,0.05598688334860395,0.052007489078427296,0.053062108489937365
ETH19127,Unknown,NA,NA,NA,NA,NA,NA,NA,NA,NA,NA,NA,NA,NA,NA,0.33818181818181825,0.15779154087952446,0.0803485769107771,0.05598688334860395,0.052007489078427296,0.053062108489937365
ETH19171,Unknown,NA,NA,NA,NA,NA,NA,NA,NA,NA,NA,NA,NA,NA,NA,0.33818181818181825,0.15779154087952446,0.0803485769107771,0.05598688334860395,0.052007489078427296,0.053062108489937365
ETH19172,Unknown,NA,NA,NA,NA,NA,NA,NA,NA,NA,NA,NA,NA,NA,NA,0.33818181818181825,0.15779154087952446,0.0803485769107771,0.05598688334860395,0.052007489078427296,0.053062108489937365
ETH19194,Unknown,NA,NA,NA,NA,NA,NA,NA,NA,NA,NA,NA,NA,NA,NA,0.33818181818181825,0.15779154087952446,0.0803485769107771,0.05598688334860395,0.052007489078427296,0.053062108489937365
ETH19205,Unknown,NA,NA,NA,NA,NA,NA,NA,NA,NA,NA,NA,NA,NA,NA,0.33818181818181825,0.15779154087952446,0.0803485769107771,0.05598688334860395,0.052007489078427296,0.053062108489937365
ETH19251,Unknown,NA,NA,NA,NA,NA,NA,NA,NA,NA,NA,NA,NA,NA,NA,0.33818181818181825,0.15779154087952446,0.0803485769107771,0.05598688334860395,0.052007489078427296,0.053062108489937365
ETH19257,Unknown,NA,NA,NA,NA,NA,NA,NA,NA,NA,NA,NA,NA,NA,NA,0.33818181818181825,0.15779154087952446,0.0803485769107771,0.05598688334860395,0.052007489078427296,0.053062108489937365
ETH19263,Unknown,NA,NA,NA,NA,NA,NA,NA,NA,NA,NA,NA,NA,NA,NA,0.33818181818181825,0.15779154087952446,0.0803485769107771,0.05598688334860395,0.052007489078427296,0.053062108489937365
COD13934,Unknown,NA,NA,NA,NA,NA,NA,NA,NA,NA,NA,NA,NA,NA,NA,NA,NA,NA,0.213146524336002,0.09544511505092418,0.030769230769230767
COD13965,Unknown,NA,NA,NA,NA,NA,NA,NA,NA,NA,NA,NA,NA,NA,NA,NA,NA,NA,0.213146524336002,0.09544511505092418,0.030769230769230767
COD14183,Unknown,NA,NA,NA,NA,NA,NA,NA,NA,NA,NA,NA,NA,NA,NA,NA,NA,NA,0.213146524336002,0.09544511505092418,0.030769230769230767
COD14196,Unknown,NA,NA,NA,NA,NA,NA,NA,NA,NA,NA,NA,NA,NA,NA,NA,NA,NA,0.213146524336002,0.09544511505092418,0.030769230769230767
GMB47657,Unknown,NA,NA,NA,NA,NA,NA,NA,NA,NA,NA,NA,0.3221365552473634,0.14911627759652846,0.07243442245743212,0.043470418470418465,0.03333564830891034,0.03105092799834716,0.027290552042801557,0.026617508855635075,0.027888446215139442
SSD44328,Unknown,NA,NA,NA,NA,NA,NA,NA,NA,NA,NA,NA,0.3221365552473634,0.14911627759652846,0.07243442245743212,0.043470418470418465,0.03333564830891034,0.03105092799834716,0.027290552042801557,0.026617508855635075,0.027888446215139442
SSD44329,Unknown,NA,NA,NA,NA,NA,NA,NA,NA,NA,NA,NA,0.3221365552473634,0.14911627759652846,0.07243442245743212,0.043470418470418465,0.03333564830891034,0.03105092799834716,0.027290552042801557,0.026617508855635075,0.027888446215139442
ETH18746,Unknown,NA,NA,NA,NA,NA,NA,NA,NA,NA,NA,NA,NA,0.3205370037431106,0.1510065814943864,0.0780689837352353,0.052611979997872114,0.035865506583531354,0.02862997658079625,0.02915642169808457,0.030295332371836896
ETH18795,Unknown,NA,NA,NA,NA,NA,NA,NA,NA,NA,NA,NA,NA,0.3205370037431106,0.1510065814943864,0.0780689837352353,0.052611979997872114,0.035865506583531354,0.02862997658079625,0.02915642169808457,0.030295332371836896
ETH18940,Unknown,NA,NA,NA,NA,NA,NA,NA,NA,NA,NA,NA,NA,0.3205370037431106,0.1510065814943864,0.0780689837352353,0.052611979997872114,0.035865506583531354,0.02862997658079625,0.02915642169808457,0.030295332371836896
ETH19115,Unknown,NA,NA,NA,NA,NA,NA,NA,NA,NA,NA,0.3473958417342775,0.17043690958164642,0.09182551319648094,0.05906335746508132,0.04588955880945545,0.03522842172993842,0.03285545623207961,0.032990952996394804,0.044267206477732794,0.056576970805303384
ETH19182,Unknown,NA,NA,NA,NA,NA,NA,NA,NA,NA,NA,0.3473958417342775,0.17043690958164642,0.09182551319648094,0.05906335746508132,0.04588955880945545,0.03522842172993842,0.03285545623207961,0.032990952996394804,0.044267206477732794,0.056576970805303384
GMB47661,Unknown,NA,NA,NA,NA,NA,NA,NA,NA,NA,NA,NA,NA,0.3101360006027728,0.15711501678155113,0.07783801020408164,0.05612360276539381,0.03964834653004192,0.03550420168067227,0.03391698884877145,0.029288702928870293
ZMB50821,Unknown,NA,NA,NA,NA,NA,NA,NA,NA,NA,NA,NA,NA,NA,NA,NA,NA,NA,0.17409192237083662,0.08276255707762556,0.024291497975708502
ZMB50822,Unknown,NA,NA,NA,NA,NA,NA,NA,NA,NA,NA,NA,NA,NA,NA,NA,NA,NA,0.17409192237083662,0.08276255707762556,0.024291497975708502
ZMB50863,Unknown,NA,NA,NA,NA,NA,NA,NA,NA,NA,NA,NA,NA,NA,NA,NA,NA,NA,0.17409192237083662,0.08276255707762556,0.024291497975708502
ZMB50865,Unknown,NA,NA,NA,NA,NA,NA,NA,NA,NA,NA,NA,NA,NA,NA,NA,NA,NA,0.17409192237083662,0.08276255707762556,0.024291497975708502
ZMB50867,Unknown,NA,NA,NA,NA,NA,NA,NA,NA,NA,NA,NA,NA,NA,NA,NA,NA,NA,0.17409192237083662,0.08276255707762556,0.024291497975708502
ZMB50870,Unknown,NA,NA,NA,NA,NA,NA,NA,NA,NA,NA,NA,NA,NA,NA,NA,NA,NA,0.17409192237083662,0.08276255707762556,0.024291497975708502
ZMB50890,Unknown,NA,NA,NA,NA,NA,NA,NA,NA,NA,NA,NA,NA,NA,NA,NA,NA,NA,0.17409192237083662,0.08276255707762556,0.024291497975708502
ZMB53168,Unknown,NA,NA,NA,NA,NA,NA,NA,NA,NA,NA,NA,NA,NA,NA,NA,NA,NA,0.17409192237083662,0.08276255707762556,0.024291497975708502
ZMB53191,Unknown,NA,NA,NA,NA,NA,NA,NA,NA,NA,NA,NA,NA,NA,NA,NA,NA,NA,0.17409192237083662,0.08276255707762556,0.024291497975708502
UGA49781,Unknown,NA,NA,NA,NA,NA,NA,NA,NA,NA,NA,0.3138567138567139,0.13929238431209795,0.06938891110222578,0.04648117839607202,0.033265327293474874,0.027347505608375178,0.021795237190449047,0.020452036002275235,0.01988079428318472,0.018834061631008453
NGA36776,Unknown,NA,NA,NA,NA,NA,NA,NA,NA,NA,NA,NA,NA,NA,NA,NA,0.29509408602150533,0.13346828609986505,0.06624277257709252,0.03719262295081967,0.01739656606913244
NGA36795,Unknown,NA,NA,NA,NA,NA,NA,NA,NA,NA,NA,NA,NA,NA,NA,NA,0.29509408602150533,0.13346828609986505,0.06624277257709252,0.03719262295081967,0.01739656606913244
NGA36801,Unknown,NA,NA,NA,NA,NA,NA,NA,NA,NA,NA,NA,NA,NA,NA,NA,0.29509408602150533,0.13346828609986505,0.06624277257709252,0.03719262295081967,0.01739656606913244
COD14091,Unknown,NA,NA,NA,NA,NA,NA,NA,NA,NA,NA,NA,NA,NA,NA,NA,NA,0.2771867612293144,0.13644750083864476,0.0628768161302013,0.03104960856052559
TCD10662,Unknown,NA,NA,NA,NA,NA,NA,NA,NA,NA,NA,NA,NA,NA,NA,NA,0.24616696656170342,0.12217224720972847,0.05788314879223971,0.032520325203252036,0.01691520938382863
TCD10666,Unknown,NA,NA,NA,NA,NA,NA,NA,NA,NA,NA,NA,NA,NA,NA,NA,0.24616696656170342,0.12217224720972847,0.05788314879223971,0.032520325203252036,0.01691520938382863
TCD10687,Unknown,NA,NA,NA,NA,NA,NA,NA,NA,NA,NA,NA,NA,NA,NA,NA,0.24616696656170342,0.12217224720972847,0.05788314879223971,0.032520325203252036,0.01691520938382863
TCD10708,Unknown,NA,NA,NA,NA,NA,NA,NA,NA,NA,NA,NA,NA,NA,NA,NA,0.24616696656170342,0.12217224720972847,0.05788314879223971,0.032520325203252036,0.01691520938382863
COD14094,Unknown,NA,NA,NA,NA,NA,NA,NA,NA,NA,NA,NA,NA,NA,NA,NA,0.29603547209181014,0.13295292227115818,0.06721028332281528,0.04320526744501765,0.03187250996015936
COD14110,Unknown,NA,NA,NA,NA,NA,NA,NA,NA,NA,NA,NA,NA,NA,NA,NA,0.29603547209181014,0.13295292227115818,0.06721028332281528,0.04320526744501765,0.03187250996015936
COD14119,Unknown,NA,NA,NA,NA,NA,NA,NA,NA,NA,NA,NA,NA,NA,NA,NA,0.29603547209181014,0.13295292227115818,0.06721028332281528,0.04320526744501765,0.03187250996015936
NGA36706,Unknown,NA,NA,NA,NA,NA,NA,NA,NA,NA,NA,NA,NA,NA,NA,NA,NA,NA,0.15525047228193603,0.06827309236947791,0.013513513513513514
NGA36707,Unknown,NA,NA,NA,NA,NA,NA,NA,NA,NA,NA,NA,NA,NA,NA,NA,NA,NA,0.15525047228193603,0.06827309236947791,0.013513513513513514
NGA36710,Unknown,NA,NA,NA,NA,NA,NA,NA,NA,NA,NA,NA,NA,NA,NA,NA,NA,NA,0.15525047228193603,0.06827309236947791,0.013513513513513514
NGA36720,Unknown,NA,NA,NA,NA,NA,NA,NA,NA,NA,NA,NA,NA,NA,NA,NA,NA,NA,0.15525047228193603,0.06827309236947791,0.013513513513513514
NGA36722,Unknown,NA,NA,NA,NA,NA,NA,NA,NA,NA,NA,NA,NA,NA,NA,NA,NA,NA,0.15525047228193603,0.06827309236947791,0.013513513513513514
NGA36723,Unknown,NA,NA,NA,NA,NA,NA,NA,NA,NA,NA,NA,NA,NA,NA,NA,NA,NA,0.15525047228193603,0.06827309236947791,0.013513513513513514
ETH19149,Unknown,NA,NA,NA,NA,NA,NA,0.3399209486166008,0.15479192938209332,0.08349176172370087,0.055121527777777776,0.041480960200172015,0.03333564830891034,0.03338855514956339,0.03065134099616858,0.03696114146933819,0.034044641851333296,0.03755504364314482,0.0421455938697318,0.048507462686567165,0.05720563485632363
ETH19176,Unknown,NA,NA,NA,NA,NA,NA,0.3399209486166008,0.15479192938209332,0.08349176172370087,0.055121527777777776,0.041480960200172015,0.03333564830891034,0.03338855514956339,0.03065134099616858,0.03696114146933819,0.034044641851333296,0.03755504364314482,0.0421455938697318,0.048507462686567165,0.05720563485632363
ETH19177,Unknown,NA,NA,NA,NA,NA,NA,0.3399209486166008,0.15479192938209332,0.08349176172370087,0.055121527777777776,0.041480960200172015,0.03333564830891034,0.03338855514956339,0.03065134099616858,0.03696114146933819,0.034044641851333296,0.03755504364314482,0.0421455938697318,0.048507462686567165,0.05720563485632363
ETH19212,Unknown,NA,NA,NA,NA,NA,NA,0.3399209486166008,0.15479192938209332,0.08349176172370087,0.055121527777777776,0.041480960200172015,0.03333564830891034,0.03338855514956339,0.03065134099616858,0.03696114146933819,0.034044641851333296,0.03755504364314482,0.0421455938697318,0.048507462686567165,0.05720563485632363
ETH19128,Unknown,NA,NA,NA,NA,NA,NA,NA,0.3528409554088204,0.16302251312211472,0.08236434108527133,0.06072974036191975,0.05111542841830241,0.033835064659741364,0.034262655906089505,0.026768740311777957,0.030710285882699674,0.03529466043307086,0.03616742969260955,0.05171400443745684,0.05698051948051947
GIN22612,Unknown,NA,NA,NA,NA,NA,NA,NA,NA,NA,NA,NA,NA,NA,NA,0.3212096182085169,0.15326419085673992,0.07578980959472396,0.05113122171945701,0.03686714237172953,0.028112449799196783
ETH18792,Unknown,NA,NA,NA,NA,NA,NA,NA,NA,NA,0.3280941205533597,0.15020325203252033,0.07414641203703703,0.051416122004357294,0.04077974870657798,0.02750586709486166,0.02646587952771663,0.024844826994959022,0.026366189989785502,0.02839768276225272,0.03047082228116711
ETH18844,Unknown,NA,NA,NA,NA,NA,NA,NA,NA,NA,0.3280941205533597,0.15020325203252033,0.07414641203703703,0.051416122004357294,0.04077974870657798,0.02750586709486166,0.02646587952771663,0.024844826994959022,0.026366189989785502,0.02839768276225272,0.03047082228116711
ETH18736,Unknown,NA,NA,NA,NA,NA,NA,NA,NA,NA,NA,NA,NA,NA,NA,NA,0.29486547208066194,0.1314150178945236,0.0635256927629809,0.043392673741869225,0.02917122467052144
ETH18740,Unknown,NA,NA,NA,NA,NA,NA,NA,NA,NA,NA,NA,NA,NA,NA,NA,0.29486547208066194,0.1314150178945236,0.0635256927629809,0.043392673741869225,0.02917122467052144
ETH18744,Unknown,NA,NA,NA,NA,NA,NA,NA,NA,NA,NA,NA,NA,NA,NA,NA,0.29486547208066194,0.1314150178945236,0.0635256927629809,0.043392673741869225,0.02917122467052144
ETH18750,Unknown,NA,NA,NA,NA,NA,NA,NA,NA,NA,NA,NA,NA,NA,NA,NA,0.29486547208066194,0.1314150178945236,0.0635256927629809,0.043392673741869225,0.02917122467052144
ETH18751,Unknown,NA,NA,NA,NA,NA,NA,NA,NA,NA,NA,NA,NA,NA,NA,NA,0.29486547208066194,0.1314150178945236,0.0635256927629809,0.043392673741869225,0.02917122467052144
ETH18753,Unknown,NA,NA,NA,NA,NA,NA,NA,NA,NA,NA,NA,NA,NA,NA,NA,0.29486547208066194,0.1314150178945236,0.0635256927629809,0.043392673741869225,0.02917122467052144
ETH18759,Unknown,NA,NA,NA,NA,NA,NA,NA,NA,NA,NA,NA,NA,NA,NA,NA,0.29486547208066194,0.1314150178945236,0.0635256927629809,0.043392673741869225,0.02917122467052144
ETH18762,Unknown,NA,NA,NA,NA,NA,NA,NA,NA,NA,NA,NA,NA,NA,NA,NA,0.29486547208066194,0.1314150178945236,0.0635256927629809,0.043392673741869225,0.02917122467052144
ETH18764,Unknown,NA,NA,NA,NA,NA,NA,NA,NA,NA,NA,NA,NA,NA,NA,NA,0.29486547208066194,0.1314150178945236,0.0635256927629809,0.043392673741869225,0.02917122467052144
ETH18767,Unknown,NA,NA,NA,NA,NA,NA,NA,NA,NA,NA,NA,NA,NA,NA,NA,0.29486547208066194,0.1314150178945236,0.0635256927629809,0.043392673741869225,0.02917122467052144
ETH18777,Unknown,NA,NA,NA,NA,NA,NA,NA,NA,NA,NA,NA,NA,NA,NA,NA,0.29486547208066194,0.1314150178945236,0.0635256927629809,0.043392673741869225,0.02917122467052144
ETH18781,Unknown,NA,NA,NA,NA,NA,NA,NA,NA,NA,NA,NA,NA,NA,NA,NA,0.29486547208066194,0.1314150178945236,0.0635256927629809,0.043392673741869225,0.02917122467052144
ETH18785,Unknown,NA,NA,NA,NA,NA,NA,NA,NA,NA,NA,NA,NA,NA,NA,NA,0.29486547208066194,0.1314150178945236,0.0635256927629809,0.043392673741869225,0.02917122467052144
ETH18790,Unknown,NA,NA,NA,NA,NA,NA,NA,NA,NA,NA,NA,NA,NA,NA,NA,0.29486547208066194,0.1314150178945236,0.0635256927629809,0.043392673741869225,0.02917122467052144
ETH18793,Unknown,NA,NA,NA,NA,NA,NA,NA,NA,NA,NA,NA,NA,NA,NA,NA,0.29486547208066194,0.1314150178945236,0.0635256927629809,0.043392673741869225,0.02917122467052144
ETH18794,Unknown,NA,NA,NA,NA,NA,NA,NA,NA,NA,NA,NA,NA,NA,NA,NA,0.29486547208066194,0.1314150178945236,0.0635256927629809,0.043392673741869225,0.02917122467052144
ETH18802,Unknown,NA,NA,NA,NA,NA,NA,NA,NA,NA,NA,NA,NA,NA,NA,NA,0.29486547208066194,0.1314150178945236,0.0635256927629809,0.043392673741869225,0.02917122467052144
ETH18805,Unknown,NA,NA,NA,NA,NA,NA,NA,NA,NA,NA,NA,NA,NA,NA,NA,0.29486547208066194,0.1314150178945236,0.0635256927629809,0.043392673741869225,0.02917122467052144
ETH18807,Unknown,NA,NA,NA,NA,NA,NA,NA,NA,NA,NA,NA,NA,NA,NA,NA,0.29486547208066194,0.1314150178945236,0.0635256927629809,0.043392673741869225,0.02917122467052144
ETH18813,Unknown,NA,NA,NA,NA,NA,NA,NA,NA,NA,NA,NA,NA,NA,NA,NA,0.29486547208066194,0.1314150178945236,0.0635256927629809,0.043392673741869225,0.02917122467052144
ETH18821,Unknown,NA,NA,NA,NA,NA,NA,NA,NA,NA,NA,NA,NA,NA,NA,NA,0.29486547208066194,0.1314150178945236,0.0635256927629809,0.043392673741869225,0.02917122467052144
ETH18827,Unknown,NA,NA,NA,NA,NA,NA,NA,NA,NA,NA,NA,NA,NA,NA,NA,0.29486547208066194,0.1314150178945236,0.0635256927629809,0.043392673741869225,0.02917122467052144
ETH18829,Unknown,NA,NA,NA,NA,NA,NA,NA,NA,NA,NA,NA,NA,NA,NA,NA,0.29486547208066194,0.1314150178945236,0.0635256927629809,0.043392673741869225,0.02917122467052144
ETH18830,Unknown,NA,NA,NA,NA,NA,NA,NA,NA,NA,NA,NA,NA,NA,NA,NA,0.29486547208066194,0.1314150178945236,0.0635256927629809,0.043392673741869225,0.02917122467052144
ETH18831,Unknown,NA,NA,NA,NA,NA,NA,NA,NA,NA,NA,NA,NA,NA,NA,NA,0.29486547208066194,0.1314150178945236,0.0635256927629809,0.043392673741869225,0.02917122467052144
ETH18833,Unknown,NA,NA,NA,NA,NA,NA,NA,NA,NA,NA,NA,NA,NA,NA,NA,0.29486547208066194,0.1314150178945236,0.0635256927629809,0.043392673741869225,0.02917122467052144
ETH18834,Unknown,NA,NA,NA,NA,NA,NA,NA,NA,NA,NA,NA,NA,NA,NA,NA,0.29486547208066194,0.1314150178945236,0.0635256927629809,0.043392673741869225,0.02917122467052144
ETH18835,Unknown,NA,NA,NA,NA,NA,NA,NA,NA,NA,NA,NA,NA,NA,NA,NA,0.29486547208066194,0.1314150178945236,0.0635256927629809,0.043392673741869225,0.02917122467052144
ETH18837,Unknown,NA,NA,NA,NA,NA,NA,NA,NA,NA,NA,NA,NA,NA,NA,NA,0.29486547208066194,0.1314150178945236,0.0635256927629809,0.043392673741869225,0.02917122467052144
ETH18840,Unknown,NA,NA,NA,NA,NA,NA,NA,NA,NA,NA,NA,NA,NA,NA,NA,0.29486547208066194,0.1314150178945236,0.0635256927629809,0.043392673741869225,0.02917122467052144
ETH18842,Unknown,NA,NA,NA,NA,NA,NA,NA,NA,NA,NA,NA,NA,NA,NA,NA,0.29486547208066194,0.1314150178945236,0.0635256927629809,0.043392673741869225,0.02917122467052144
ETH18843,Unknown,NA,NA,NA,NA,NA,NA,NA,NA,NA,NA,NA,NA,NA,NA,NA,0.29486547208066194,0.1314150178945236,0.0635256927629809,0.043392673741869225,0.02917122467052144
ETH18849,Unknown,NA,NA,NA,NA,NA,NA,NA,NA,NA,NA,NA,NA,NA,NA,NA,0.29486547208066194,0.1314150178945236,0.0635256927629809,0.043392673741869225,0.02917122467052144
ETH18904,Unknown,NA,NA,NA,NA,NA,NA,NA,NA,NA,NA,NA,NA,NA,NA,NA,0.29486547208066194,0.1314150178945236,0.0635256927629809,0.043392673741869225,0.02917122467052144
ETH18926,Unknown,NA,NA,NA,NA,NA,NA,NA,NA,NA,NA,NA,NA,NA,NA,NA,0.29486547208066194,0.1314150178945236,0.0635256927629809,0.043392673741869225,0.02917122467052144
ETH18930,Unknown,NA,NA,NA,NA,NA,NA,NA,NA,NA,NA,NA,NA,NA,NA,NA,0.29486547208066194,0.1314150178945236,0.0635256927629809,0.043392673741869225,0.02917122467052144
ETH18967,Unknown,NA,NA,NA,NA,NA,NA,NA,NA,NA,NA,NA,NA,NA,NA,NA,0.29486547208066194,0.1314150178945236,0.0635256927629809,0.043392673741869225,0.02917122467052144
ETH18982,Unknown,NA,NA,NA,NA,NA,NA,NA,NA,NA,NA,NA,NA,NA,NA,NA,0.29486547208066194,0.1314150178945236,0.0635256927629809,0.043392673741869225,0.02917122467052144
ETH19002,Unknown,NA,NA,NA,NA,NA,NA,NA,NA,NA,NA,NA,NA,NA,NA,NA,0.29486547208066194,0.1314150178945236,0.0635256927629809,0.043392673741869225,0.02917122467052144
ETH19023,Unknown,NA,NA,NA,NA,NA,NA,NA,NA,NA,NA,NA,NA,NA,NA,NA,0.29486547208066194,0.1314150178945236,0.0635256927629809,0.043392673741869225,0.02917122467052144
ETH19035,Unknown,NA,NA,NA,NA,NA,NA,NA,NA,NA,NA,NA,NA,NA,NA,NA,0.29486547208066194,0.1314150178945236,0.0635256927629809,0.043392673741869225,0.02917122467052144
ETH19038,Unknown,NA,NA,NA,NA,NA,NA,NA,NA,NA,NA,NA,NA,NA,NA,NA,0.29486547208066194,0.1314150178945236,0.0635256927629809,0.043392673741869225,0.02917122467052144
ETH19040,Unknown,NA,NA,NA,NA,NA,NA,NA,NA,NA,NA,NA,NA,NA,NA,NA,0.29486547208066194,0.1314150178945236,0.0635256927629809,0.043392673741869225,0.02917122467052144
GIN22610,Unknown,NA,NA,NA,NA,NA,NA,NA,NA,NA,NA,NA,NA,NA,0.319662187383352,0.15132746325621882,0.07069708947179304,0.051505940867643,0.04602510460251046,0.03463268365817091,0.028225806451612906
GIN22625,Unknown,NA,NA,NA,NA,NA,NA,NA,NA,NA,NA,NA,NA,NA,0.319662187383352,0.15132746325621882,0.07069708947179304,0.051505940867643,0.04602510460251046,0.03463268365817091,0.028225806451612906
GMB47632,Unknown,NA,NA,NA,NA,NA,NA,NA,NA,NA,NA,NA,NA,NA,0.319662187383352,0.15132746325621882,0.07069708947179304,0.051505940867643,0.04602510460251046,0.03463268365817091,0.028225806451612906
NER35296,Unknown,NA,NA,NA,NA,NA,NA,NA,NA,NA,NA,NA,NA,NA,NA,NA,NA,0.2520661157024793,0.11909701140120085,0.04978314338822027,0.025
ETH19133,Unknown,NA,NA,NA,NA,NA,NA,NA,NA,NA,NA,NA,0.36018985820716176,0.16047873694932518,0.08196390086206896,0.05683956402882805,0.04412389380530973,0.03868486426625961,0.03468220968220968,0.04511341954632181,0.05344979125466931
ETH19155,Unknown,NA,NA,NA,NA,NA,NA,NA,NA,NA,NA,NA,0.36018985820716176,0.16047873694932518,0.08196390086206896,0.05683956402882805,0.04412389380530973,0.03868486426625961,0.03468220968220968,0.04511341954632181,0.05344979125466931
ETH19156,Unknown,NA,NA,NA,NA,NA,NA,NA,NA,NA,NA,NA,0.36018985820716176,0.16047873694932518,0.08196390086206896,0.05683956402882805,0.04412389380530973,0.03868486426625961,0.03468220968220968,0.04511341954632181,0.05344979125466931
ETH19157,Unknown,NA,NA,NA,NA,NA,NA,NA,NA,NA,NA,NA,0.36018985820716176,0.16047873694932518,0.08196390086206896,0.05683956402882805,0.04412389380530973,0.03868486426625961,0.03468220968220968,0.04511341954632181,0.05344979125466931
ETH19161,Unknown,NA,NA,NA,NA,NA,NA,NA,NA,NA,NA,NA,0.36018985820716176,0.16047873694932518,0.08196390086206896,0.05683956402882805,0.04412389380530973,0.03868486426625961,0.03468220968220968,0.04511341954632181,0.05344979125466931
ETH19208,Unknown,NA,NA,NA,NA,NA,NA,NA,NA,NA,NA,NA,0.36018985820716176,0.16047873694932518,0.08196390086206896,0.05683956402882805,0.04412389380530973,0.03868486426625961,0.03468220968220968,0.04511341954632181,0.05344979125466931
ETH19242,Unknown,NA,NA,NA,NA,NA,NA,NA,NA,NA,NA,NA,0.36018985820716176,0.16047873694932518,0.08196390086206896,0.05683956402882805,0.04412389380530973,0.03868486426625961,0.03468220968220968,0.04511341954632181,0.05344979125466931
ETH19116,Unknown,NA,NA,NA,NA,NA,NA,NA,NA,NA,NA,NA,NA,NA,NA,NA,NA,0.31642081642081643,0.14938016528925618,0.07739596469104666,0.05668616626843536
ETH19125,Unknown,NA,NA,NA,NA,NA,NA,NA,NA,NA,NA,NA,NA,NA,NA,NA,NA,0.31642081642081643,0.14938016528925618,0.07739596469104666,0.05668616626843536
ETH19138,Unknown,NA,NA,NA,NA,NA,NA,NA,NA,NA,NA,NA,NA,NA,NA,NA,NA,0.31642081642081643,0.14938016528925618,0.07739596469104666,0.05668616626843536
ETH19178,Unknown,NA,NA,NA,NA,NA,NA,NA,NA,NA,NA,NA,NA,NA,NA,NA,NA,0.31642081642081643,0.14938016528925618,0.07739596469104666,0.05668616626843536
ETH19183,Unknown,NA,NA,NA,NA,NA,NA,NA,NA,NA,NA,NA,NA,NA,NA,NA,NA,0.31642081642081643,0.14938016528925618,0.07739596469104666,0.05668616626843536
ETH19197,Unknown,NA,NA,NA,NA,NA,NA,NA,NA,NA,NA,NA,NA,NA,NA,NA,NA,0.31642081642081643,0.14938016528925618,0.07739596469104666,0.05668616626843536
ETH19145,Unknown,NA,NA,NA,NA,NA,NA,NA,NA,NA,NA,NA,NA,NA,NA,NA,NA,NA,0.26952248691379127,0.1285532314293376,0.0535374806235559
ETH19181,Unknown,NA,NA,NA,NA,NA,NA,NA,NA,NA,NA,NA,NA,NA,NA,NA,NA,NA,0.26952248691379127,0.1285532314293376,0.0535374806235559
ETH18979,Unknown,NA,NA,NA,NA,NA,NA,NA,NA,NA,NA,NA,NA,NA,NA,NA,NA,0.2740602622686765,0.1306282338262816,0.05701754385964913,0.03128111951641363
ETH19012,Unknown,NA,NA,NA,NA,NA,NA,NA,NA,NA,NA,NA,0.334807924984876,0.15630681818181819,0.07991596638655463,0.05164102564102564,0.04112508735150244,0.03011100832562442,0.02453997992639679,0.029906646542568062,0.028690452193778134
ETH18756,Unknown,NA,NA,NA,NA,NA,NA,NA,NA,NA,NA,NA,NA,NA,NA,NA,NA,NA,0.18710560781045366,0.08502581755593805,0.028571904571504728
ETH18774,Unknown,NA,NA,NA,NA,NA,NA,NA,NA,NA,NA,NA,NA,NA,NA,NA,NA,NA,0.18710560781045366,0.08502581755593805,0.028571904571504728
ETH18787,Unknown,NA,NA,NA,NA,NA,NA,NA,NA,NA,NA,NA,NA,NA,NA,NA,NA,NA,0.18710560781045366,0.08502581755593805,0.028571904571504728
ETH18799,Unknown,NA,NA,NA,NA,NA,NA,NA,NA,NA,NA,NA,NA,NA,NA,NA,NA,NA,0.18710560781045366,0.08502581755593805,0.028571904571504728
ETH18811,Unknown,NA,NA,NA,NA,NA,NA,NA,NA,NA,NA,NA,NA,NA,NA,NA,NA,NA,0.18710560781045366,0.08502581755593805,0.028571904571504728
ETH18812,Unknown,NA,NA,NA,NA,NA,NA,NA,NA,NA,NA,NA,NA,NA,NA,NA,NA,NA,0.18710560781045366,0.08502581755593805,0.028571904571504728
ETH18815,Unknown,NA,NA,NA,NA,NA,NA,NA,NA,NA,NA,NA,NA,NA,NA,NA,NA,NA,0.18710560781045366,0.08502581755593805,0.028571904571504728
ETH18903,Unknown,NA,NA,NA,NA,NA,NA,NA,NA,NA,NA,NA,NA,NA,NA,NA,NA,NA,0.18710560781045366,0.08502581755593805,0.028571904571504728
ETH18924,Unknown,NA,NA,NA,NA,NA,NA,NA,NA,NA,NA,NA,NA,NA,NA,NA,NA,NA,0.18710560781045366,0.08502581755593805,0.028571904571504728
ETH18941,Unknown,NA,NA,NA,NA,NA,NA,NA,NA,NA,NA,NA,NA,NA,NA,NA,NA,NA,0.18710560781045366,0.08502581755593805,0.028571904571504728
ETH18773,Unknown,NA,NA,NA,NA,NA,NA,NA,NA,NA,NA,NA,NA,NA,0.32408022523805,0.1530842471007626,0.08063933538016976,0.05450757708941317,0.035534640797798694,0.0371223836719695,0.030245854774156665
ETH18820,Unknown,NA,NA,NA,NA,NA,NA,NA,NA,NA,NA,NA,NA,NA,0.32408022523805,0.1530842471007626,0.08063933538016976,0.05450757708941317,0.035534640797798694,0.0371223836719695,0.030245854774156665
ETH18865,Unknown,NA,NA,NA,NA,NA,NA,NA,NA,NA,NA,NA,NA,NA,0.32408022523805,0.1530842471007626,0.08063933538016976,0.05450757708941317,0.035534640797798694,0.0371223836719695,0.030245854774156665
ETH18878,Unknown,NA,NA,NA,NA,NA,NA,NA,NA,NA,NA,NA,NA,NA,0.32408022523805,0.1530842471007626,0.08063933538016976,0.05450757708941317,0.035534640797798694,0.0371223836719695,0.030245854774156665
ETH18909,Unknown,NA,NA,NA,NA,NA,NA,NA,NA,NA,NA,NA,NA,NA,0.32408022523805,0.1530842471007626,0.08063933538016976,0.05450757708941317,0.035534640797798694,0.0371223836719695,0.030245854774156665
ETH18928,Unknown,NA,NA,NA,NA,NA,NA,NA,NA,NA,NA,NA,NA,NA,0.32408022523805,0.1530842471007626,0.08063933538016976,0.05450757708941317,0.035534640797798694,0.0371223836719695,0.030245854774156665
ETH18989,Unknown,NA,NA,NA,NA,NA,NA,NA,NA,NA,NA,NA,NA,NA,0.32408022523805,0.1530842471007626,0.08063933538016976,0.05450757708941317,0.035534640797798694,0.0371223836719695,0.030245854774156665
ETH19016,Unknown,NA,NA,NA,NA,NA,NA,NA,NA,NA,NA,NA,NA,NA,0.32408022523805,0.1530842471007626,0.08063933538016976,0.05450757708941317,0.035534640797798694,0.0371223836719695,0.030245854774156665
MRT31037,Unknown,NA,NA,NA,NA,NA,NA,NA,NA,NA,0.31116393925991453,0.1441318455207344,0.0747394897592526,0.051320454381014395,0.03817016317016317,0.03425684485006519,0.023529773622047244,0.02110042735042735,0.02449020391843263,0.02777821520243138,0.027131782945736437
NGA36800,Unknown,NA,NA,NA,NA,NA,NA,NA,NA,NA,NA,NA,NA,NA,NA,NA,NA,0.25158371864419116,0.11248608158720519,0.04831635540464063,0.020662568306010928
NGA37080,Unknown,NA,NA,NA,NA,NA,NA,NA,NA,NA,NA,NA,NA,NA,NA,NA,NA,0.25158371864419116,0.11248608158720519,0.04831635540464063,0.020662568306010928
NGA37081,Unknown,NA,NA,NA,NA,NA,NA,NA,NA,NA,NA,NA,NA,NA,NA,NA,NA,0.25158371864419116,0.11248608158720519,0.04831635540464063,0.020662568306010928
NGA37083,Unknown,NA,NA,NA,NA,NA,NA,NA,NA,NA,NA,NA,NA,NA,NA,NA,NA,0.25158371864419116,0.11248608158720519,0.04831635540464063,0.020662568306010928
NGA37091,Unknown,NA,NA,NA,NA,NA,NA,NA,NA,NA,NA,NA,NA,NA,NA,NA,NA,0.25158371864419116,0.11248608158720519,0.04831635540464063,0.020662568306010928
NGA37092,Unknown,NA,NA,NA,NA,NA,NA,NA,NA,NA,NA,NA,NA,NA,NA,NA,NA,0.25158371864419116,0.11248608158720519,0.04831635540464063,0.020662568306010928
NGA37094,Unknown,NA,NA,NA,NA,NA,NA,NA,NA,NA,NA,NA,NA,NA,NA,NA,NA,0.25158371864419116,0.11248608158720519,0.04831635540464063,0.020662568306010928
NGA37101,Unknown,NA,NA,NA,NA,NA,NA,NA,NA,NA,NA,NA,NA,NA,NA,NA,NA,0.25158371864419116,0.11248608158720519,0.04831635540464063,0.020662568306010928
NGA37105,Unknown,NA,NA,NA,NA,NA,NA,NA,NA,NA,NA,NA,NA,NA,NA,NA,NA,0.25158371864419116,0.11248608158720519,0.04831635540464063,0.020662568306010928
NGA36658,Unknown,NA,NA,NA,NA,NA,NA,NA,NA,NA,NA,NA,NA,NA,NA,NA,NA,NA,0.1974501780707737,0.0908935413245758,0.02886610209842533
NGA36660,Unknown,NA,NA,NA,NA,NA,NA,NA,NA,NA,NA,NA,NA,NA,NA,NA,NA,NA,0.1974501780707737,0.0908935413245758,0.02886610209842533
NGA36661,Unknown,NA,NA,NA,NA,NA,NA,NA,NA,NA,NA,NA,NA,NA,NA,NA,NA,NA,0.1974501780707737,0.0908935413245758,0.02886610209842533
NGA36670,Unknown,NA,NA,NA,NA,NA,NA,NA,NA,NA,NA,NA,NA,NA,NA,NA,NA,NA,0.1974501780707737,0.0908935413245758,0.02886610209842533
NGA36671,Unknown,NA,NA,NA,NA,NA,NA,NA,NA,NA,NA,NA,NA,NA,NA,NA,NA,NA,0.1974501780707737,0.0908935413245758,0.02886610209842533
NGA36680,Unknown,NA,NA,NA,NA,NA,NA,NA,NA,NA,NA,NA,NA,NA,NA,NA,NA,NA,0.1974501780707737,0.0908935413245758,0.02886610209842533
ETH18739,Unknown,NA,NA,NA,NA,NA,NA,NA,NA,NA,NA,NA,NA,NA,NA,0.3193255054295047,0.1426221335992024,0.07407532854626744,0.04878371232152301,0.03883626930501931,0.029070168183071413
ETH18783,Unknown,NA,NA,NA,NA,NA,NA,NA,NA,NA,NA,NA,NA,NA,NA,0.3193255054295047,0.1426221335992024,0.07407532854626744,0.04878371232152301,0.03883626930501931,0.029070168183071413
ETH18847,Unknown,NA,NA,NA,NA,NA,NA,NA,NA,NA,NA,NA,NA,NA,NA,0.3193255054295047,0.1426221335992024,0.07407532854626744,0.04878371232152301,0.03883626930501931,0.029070168183071413
ETH18850,Unknown,NA,NA,NA,NA,NA,NA,NA,NA,NA,NA,NA,NA,NA,NA,0.3193255054295047,0.1426221335992024,0.07407532854626744,0.04878371232152301,0.03883626930501931,0.029070168183071413
ETH18881,Unknown,NA,NA,NA,NA,NA,NA,NA,NA,NA,NA,NA,NA,NA,NA,0.3193255054295047,0.1426221335992024,0.07407532854626744,0.04878371232152301,0.03883626930501931,0.029070168183071413
ETH18901,Unknown,NA,NA,NA,NA,NA,NA,NA,NA,NA,NA,NA,NA,NA,NA,0.3193255054295047,0.1426221335992024,0.07407532854626744,0.04878371232152301,0.03883626930501931,0.029070168183071413
ETH18935,Unknown,NA,NA,NA,NA,NA,NA,NA,NA,NA,NA,NA,NA,NA,NA,0.3193255054295047,0.1426221335992024,0.07407532854626744,0.04878371232152301,0.03883626930501931,0.029070168183071413
NER35312,Unknown,NA,NA,NA,NA,NA,NA,NA,NA,0.32665306515871995,0.14798711755233496,0.0742994576446281,0.05134109604912525,0.03571428571428571,0.028807072212437338,0.02385770750988142,0.026421114102180634,0.023575729504400185,0.023763214857107,0.02755948229094009,0.026742490522018082
NGA36879,Unknown,NA,NA,NA,NA,NA,NA,NA,NA,0.32665306515871995,0.14798711755233496,0.0742994576446281,0.05134109604912525,0.03571428571428571,0.028807072212437338,0.02385770750988142,0.026421114102180634,0.023575729504400185,0.023763214857107,0.02755948229094009,0.026742490522018082
ETH19047,Unknown,NA,NA,NA,NA,NA,NA,NA,NA,NA,NA,NA,NA,NA,NA,NA,NA,0.3287058823529412,0.1543040293040293,0.07894736842105263,0.05070028011204481
ETH19087,Unknown,NA,NA,NA,NA,NA,NA,NA,NA,NA,NA,NA,NA,NA,NA,NA,NA,0.3287058823529412,0.1543040293040293,0.07894736842105263,0.05070028011204481
ETH19276,Unknown,NA,NA,NA,NA,NA,NA,NA,NA,NA,NA,NA,NA,NA,NA,NA,NA,0.3287058823529412,0.1543040293040293,0.07894736842105263,0.05070028011204481
ETH18553,Unknown,NA,NA,NA,NA,NA,NA,NA,NA,0.33968334297281666,0.1641245539311615,0.09088599711551071,0.06052493896058598,0.044114785131716294,0.03914893617021277,0.03709393869907514,0.0424891295430306,0.046126661509248185,0.0539979813838735,0.06993421993421994,0.07838419004710219
ETH18569,Unknown,NA,NA,NA,NA,NA,NA,NA,NA,0.33968334297281666,0.1641245539311615,0.09088599711551071,0.06052493896058598,0.044114785131716294,0.03914893617021277,0.03709393869907514,0.0424891295430306,0.046126661509248185,0.0539979813838735,0.06993421993421994,0.07838419004710219
ETH18592,Unknown,NA,NA,NA,NA,NA,NA,NA,NA,0.33968334297281666,0.1641245539311615,0.09088599711551071,0.06052493896058598,0.044114785131716294,0.03914893617021277,0.03709393869907514,0.0424891295430306,0.046126661509248185,0.0539979813838735,0.06993421993421994,0.07838419004710219
ETH18597,Unknown,NA,NA,NA,NA,NA,NA,NA,NA,0.33968334297281666,0.1641245539311615,0.09088599711551071,0.06052493896058598,0.044114785131716294,0.03914893617021277,0.03709393869907514,0.0424891295430306,0.046126661509248185,0.0539979813838735,0.06993421993421994,0.07838419004710219
ETH18610,Unknown,NA,NA,NA,NA,NA,NA,NA,NA,0.33968334297281666,0.1641245539311615,0.09088599711551071,0.06052493896058598,0.044114785131716294,0.03914893617021277,0.03709393869907514,0.0424891295430306,0.046126661509248185,0.0539979813838735,0.06993421993421994,0.07838419004710219
ETH18656,Unknown,NA,NA,NA,NA,NA,NA,NA,NA,0.33968334297281666,0.1641245539311615,0.09088599711551071,0.06052493896058598,0.044114785131716294,0.03914893617021277,0.03709393869907514,0.0424891295430306,0.046126661509248185,0.0539979813838735,0.06993421993421994,0.07838419004710219
ETH18657,Unknown,NA,NA,NA,NA,NA,NA,NA,NA,0.33968334297281666,0.1641245539311615,0.09088599711551071,0.06052493896058598,0.044114785131716294,0.03914893617021277,0.03709393869907514,0.0424891295430306,0.046126661509248185,0.0539979813838735,0.06993421993421994,0.07838419004710219
ETH18577,Unknown,NA,NA,NA,NA,NA,NA,NA,NA,NA,0.3473734614975348,0.15620915032679739,0.08349176172370087,0.059804823216840386,0.04545532161945256,0.0392156862745098,0.03174653165992157,0.038897447183098594,0.04155681104833647,0.055320150659133704,0.074381435377286
ETH19299,Unknown,NA,NA,NA,NA,NA,NA,NA,NA,NA,NA,NA,NA,0.3511858797573083,0.15673336171420463,0.08519304828675817,0.061488345401454925,0.049889913526277155,0.04612341772151898,0.05029182879377432,0.05405428769017981
ETH19304,Unknown,NA,NA,NA,NA,NA,NA,NA,NA,NA,NA,NA,NA,0.3511858797573083,0.15673336171420463,0.08519304828675817,0.061488345401454925,0.049889913526277155,0.04612341772151898,0.05029182879377432,0.05405428769017981
ETH19306,Unknown,NA,NA,NA,NA,NA,NA,NA,NA,NA,NA,NA,NA,0.3511858797573083,0.15673336171420463,0.08519304828675817,0.061488345401454925,0.049889913526277155,0.04612341772151898,0.05029182879377432,0.05405428769017981
TZA46524,Unknown,NA,NA,NA,NA,NA,NA,0.2890883065404096,0.13762172770022585,0.06909814323607427,0.04571577847439916,0.034221027064538515,0.025052301255230128,0.02000512131105563,0.0163265306122449,0.018660873440285206,0.019882680327609648,0.02248736664795059,0.023033393262400892,0.022556709773160905,0.019419306184012067
ETH18766,Unknown,NA,NA,NA,NA,NA,NA,NA,NA,NA,NA,0.32187217983427685,0.15060901831088166,0.07788775365403719,0.052000000000000005,0.04166666666666666,0.032258589011918117,0.024144966964632728,0.0237168971174127,0.02863093445749272,0.030710285882699674
ETH18543,Unknown,NA,NA,NA,NA,NA,NA,NA,NA,NA,0.3796884747348721,0.17823875216871327,0.099800796812749,0.06853917922620212,0.053316326530612246,0.043069582370892416,0.042969405661097124,0.04453514293207449,0.05683956402882805,0.078125,0.10642342852520023
ETH18565,Unknown,NA,NA,NA,NA,NA,NA,NA,NA,NA,0.3796884747348721,0.17823875216871327,0.099800796812749,0.06853917922620212,0.053316326530612246,0.043069582370892416,0.042969405661097124,0.04453514293207449,0.05683956402882805,0.078125,0.10642342852520023
ETH18618,Unknown,NA,NA,NA,NA,NA,NA,NA,NA,NA,0.3796884747348721,0.17823875216871327,0.099800796812749,0.06853917922620212,0.053316326530612246,0.043069582370892416,0.042969405661097124,0.04453514293207449,0.05683956402882805,0.078125,0.10642342852520023
ETH18631,Unknown,NA,NA,NA,NA,NA,NA,NA,NA,NA,0.3796884747348721,0.17823875216871327,0.099800796812749,0.06853917922620212,0.053316326530612246,0.043069582370892416,0.042969405661097124,0.04453514293207449,0.05683956402882805,0.078125,0.10642342852520023
ETH18676,Unknown,NA,NA,NA,NA,NA,NA,NA,NA,NA,0.3796884747348721,0.17823875216871327,0.099800796812749,0.06853917922620212,0.053316326530612246,0.043069582370892416,0.042969405661097124,0.04453514293207449,0.05683956402882805,0.078125,0.10642342852520023
ETH18591,Unknown,NA,NA,NA,NA,NA,NA,NA,NA,NA,0.34050869852455407,0.16016877637130802,0.08194186765615337,0.06115595586860313,0.040463503215051204,0.03689280745266469,0.03459940159574468,0.03376489234769291,0.0398406374501992,0.051917214824322155,0.0578053996257685
ETH18643,Unknown,NA,NA,NA,NA,NA,NA,NA,NA,NA,0.34050869852455407,0.16016877637130802,0.08194186765615337,0.06115595586860313,0.040463503215051204,0.03689280745266469,0.03459940159574468,0.03376489234769291,0.0398406374501992,0.051917214824322155,0.0578053996257685
TZA46645,Unknown,NA,NA,NA,NA,NA,NA,NA,NA,NA,NA,NA,NA,NA,NA,NA,NA,0.22964609483960946,0.1093269310717552,0.04762845849802372,0.01731634182908546
TZA46578,Unknown,NA,NA,NA,NA,NA,NA,NA,NA,NA,NA,NA,0.30942292171105734,0.13654119318181818,0.07421875,0.048,0.03299319727891156,0.0250549220629773,0.023575729504400185,0.0207908295584218,0.017360195819996233
ETH18555,Unknown,NA,NA,NA,NA,NA,NA,NA,NA,0.34263863773357445,0.1602469891814656,0.07707157707157708,0.05748051507963403,0.04257246376811594,0.036590807675145026,0.029535864978902957,0.03761159310951842,0.03412472506145685,0.031068078303622598,0.048689138576779034,0.055217649634123456
ETH18571,Unknown,NA,NA,NA,NA,NA,NA,NA,NA,0.34263863773357445,0.1602469891814656,0.07707157707157708,0.05748051507963403,0.04257246376811594,0.036590807675145026,0.029535864978902957,0.03761159310951842,0.03412472506145685,0.031068078303622598,0.048689138576779034,0.055217649634123456
ETH18646,Unknown,NA,NA,NA,NA,NA,NA,0.33781265031265034,0.14916649007558097,0.07056382719062729,0.05533202128435017,0.04032258064516129,0.029693305623779837,0.026662155303671123,0.025158227848101268,0.030729304904302694,0.031690533236752666,0.03984316713494293,0.04528882306027116,0.05098039215686274,0.05848153214774282
ETH18666,Unknown,NA,NA,NA,NA,NA,NA,0.33781265031265034,0.14916649007558097,0.07056382719062729,0.05533202128435017,0.04032258064516129,0.029693305623779837,0.026662155303671123,0.025158227848101268,0.030729304904302694,0.031690533236752666,0.03984316713494293,0.04528882306027116,0.05098039215686274,0.05848153214774282
ETH18673,Unknown,NA,NA,NA,NA,NA,NA,0.33781265031265034,0.14916649007558097,0.07056382719062729,0.05533202128435017,0.04032258064516129,0.029693305623779837,0.026662155303671123,0.025158227848101268,0.030729304904302694,0.031690533236752666,0.03984316713494293,0.04528882306027116,0.05098039215686274,0.05848153214774282
ETH18614,Unknown,NA,NA,NA,NA,NA,NA,NA,0.3666640328697851,0.17131739855475264,0.1,0.07319500422948699,0.04962121212121212,0.05273855370132649,0.039218098768090306,0.03952824561901787,0.04894797780173274,0.05198337086436862,0.076084229390681,0.08847248576850095,0.10673747421884866
ETH18619,Unknown,NA,NA,NA,NA,NA,NA,NA,0.3666640328697851,0.17131739855475264,0.1,0.07319500422948699,0.04962121212121212,0.05273855370132649,0.039218098768090306,0.03952824561901787,0.04894797780173274,0.05198337086436862,0.076084229390681,0.08847248576850095,0.10673747421884866
ETH18624,Unknown,NA,NA,NA,NA,NA,NA,NA,0.3666640328697851,0.17131739855475264,0.1,0.07319500422948699,0.04962121212121212,0.05273855370132649,0.039218098768090306,0.03952824561901787,0.04894797780173274,0.05198337086436862,0.076084229390681,0.08847248576850095,0.10673747421884866
ETH18629,Unknown,NA,NA,NA,NA,NA,NA,NA,0.3666640328697851,0.17131739855475264,0.1,0.07319500422948699,0.04962121212121212,0.05273855370132649,0.039218098768090306,0.03952824561901787,0.04894797780173274,0.05198337086436862,0.076084229390681,0.08847248576850095,0.10673747421884866
ETH18635,Unknown,NA,NA,NA,NA,NA,NA,NA,0.3666640328697851,0.17131739855475264,0.1,0.07319500422948699,0.04962121212121212,0.05273855370132649,0.039218098768090306,0.03952824561901787,0.04894797780173274,0.05198337086436862,0.076084229390681,0.08847248576850095,0.10673747421884866
ETH18669,Unknown,NA,NA,NA,NA,NA,NA,NA,0.3666640328697851,0.17131739855475264,0.1,0.07319500422948699,0.04962121212121212,0.05273855370132649,0.039218098768090306,0.03952824561901787,0.04894797780173274,0.05198337086436862,0.076084229390681,0.08847248576850095,0.10673747421884866
ETH18681,Unknown,NA,NA,NA,NA,NA,NA,NA,0.3666640328697851,0.17131739855475264,0.1,0.07319500422948699,0.04962121212121212,0.05273855370132649,0.039218098768090306,0.03952824561901787,0.04894797780173274,0.05198337086436862,0.076084229390681,0.08847248576850095,0.10673747421884866
ETH18682,Unknown,NA,NA,NA,NA,NA,NA,NA,0.3666640328697851,0.17131739855475264,0.1,0.07319500422948699,0.04962121212121212,0.05273855370132649,0.039218098768090306,0.03952824561901787,0.04894797780173274,0.05198337086436862,0.076084229390681,0.08847248576850095,0.10673747421884866
ETH18683,Unknown,NA,NA,NA,NA,NA,NA,NA,0.3666640328697851,0.17131739855475264,0.1,0.07319500422948699,0.04962121212121212,0.05273855370132649,0.039218098768090306,0.03952824561901787,0.04894797780173274,0.05198337086436862,0.076084229390681,0.08847248576850095,0.10673747421884866
ETH18943,Unknown,NA,NA,NA,NA,NA,NA,NA,0.3666640328697851,0.17131739855475264,0.1,0.07319500422948699,0.04962121212121212,0.05273855370132649,0.039218098768090306,0.03952824561901787,0.04894797780173274,0.05198337086436862,0.076084229390681,0.08847248576850095,0.10673747421884866
